u_id,album_id
137345,1
216222,2
176610,3
579586,4
567680,5
380989,6
375765,7
339824,8
455432,9
118547,10
221482,11
271378,12
304353,13
365883,14
518129,15
240795,16
373881,17
494211,18
568715,19
118981,20
354555,21
250134,22
427242,23
448469,24
190622,25
317116,26
103244,27
538061,28
237451,29
541489,30
344682,31
218800,32
486609,33
309230,34
151562,35
385173,36
427886,37
133223,38
307674,39
463065,40
314109,41
415568,42
523431,43
160237,44
304357,45
584385,46
484504,47
136098,48
211797,49
213331,50
273200,51
385116,52
323536,53
436271,54
425117,55
315550,56
566008,57
492779,58
292609,59
211326,60
231866,61
583991,62
570058,63
584144,64
273099,65
472472,66
465060,67
490446,68
388789,69
150724,70
212671,71
473467,72
452977,73
247880,74
192341,75
431270,76
102125,77
162320,78
492977,79
415156,80
503978,81
335047,82
222639,83
275316,84
348107,85
371665,86
484890,87
290404,88
343567,89
473398,90
483036,91
293415,92
193764,93
273688,94
299754,95
261424,96
202855,97
165297,98
176267,99
384659,100
512639,101
569361,102
152617,103
591525,104
310330,105
180535,106
219060,107
265766,108
477493,109
428047,110
302764,111
148893,112
157637,113
104639,114
130387,115
250157,116
189755,117
312398,118
582286,119
570078,120
112453,121
189101,122
444051,123
189041,124
504582,125
247841,126
450581,127
357239,128
134112,129
114616,130
417878,131
232983,132
554783,133
328155,134
310678,135
431223,136
343308,137
108993,138
545585,139
434784,140
549304,141
163775,142
156748,143
114492,144
594055,145
306462,146
326644,147
162049,148
151270,149
472771,150
323845,151
291857,152
106668,153
478852,154
322212,155
191175,156
175297,157
253713,158
385261,159
266663,160
513397,161
258941,162
308605,163
100228,164
544448,165
316878,166
258560,167
283483,168
269874,169
117004,170
206042,171
369725,172
120926,173
473753,174
145888,175
137777,176
522282,177
363213,178
198069,179
403270,180
390045,181
451840,182
434171,183
554228,184
584206,185
323435,186
210626,187
256814,188
407113,189
324843,190
127005,191
345883,192
205865,193
412900,194
279679,195
496355,196
247307,197
127054,198
261986,199
557667,200
230400,201
280058,202
180397,203
533943,204
579595,205
101704,206
311096,207
344233,208
390204,209
214726,210
541580,211
213594,212
518846,213
142197,214
226791,215
224950,216
402979,217
463359,218
417696,219
462727,220
142903,221
555371,222
170068,223
423905,224
362318,225
599175,226
481221,227
179322,228
153872,229
176670,230
224938,231
279307,232
324389,233
232758,234
531642,235
355013,236
515404,237
440528,238
280100,239
166959,240
155926,241
294789,242
367649,243
574135,244
593200,245
169381,246
561224,247
519787,248
542784,249
212268,250
553522,251
474311,252
422611,253
163597,254
468755,255
469443,256
463279,257
492091,258
483869,259
173139,260
547489,261
213622,262
370339,263
340077,264
149780,265
142716,266
270772,267
235181,268
408263,269
572132,270
303530,271
518659,272
147731,273
218921,274
272673,275
241797,276
117008,277
212597,278
450535,279
149390,280
136149,281
164776,282
502784,283
370353,284
147474,285
171270,286
205409,287
100177,288
442435,289
175542,290
179201,291
278298,292
178176,293
566277,294
175941,295
436885,296
297239,297
200506,298
526310,299
185483,300
237023,301
469648,302
221038,303
238972,304
457795,305
162232,306
283743,307
464874,308
240468,309
372845,310
192269,311
182501,312
136338,313
476044,314
428749,315
530333,316
113732,317
214217,318
506647,319
372834,320
181431,321
495379,322
413290,323
418686,324
540299,325
380578,326
222880,327
275118,328
367906,329
397997,330
328200,331
312013,332
242429,333
100494,334
555584,335
316391,336
105935,337
314655,338
457272,339
177103,340
250029,341
463743,342
514102,343
462225,344
333936,345
442925,346
565842,347
221128,348
391392,349
440180,350
523751,351
593326,352
449413,353
219720,354
334236,355
516036,356
541592,357
273941,358
237979,359
424461,360
433676,361
186959,362
302033,363
120546,364
211058,365
285833,366
223397,367
521027,368
100447,369
385844,370
450913,371
276163,372
370992,373
423228,374
158332,375
168374,376
590456,377
266443,378
297866,379
570259,380
596641,381
413971,382
515429,383
296837,384
578180,385
215515,386
131737,387
322922,388
532422,389
579776,390
583969,391
225843,392
105504,393
565839,394
573623,395
525007,396
547419,397
465024,398
143119,399
374412,400
278514,401
118271,402
335626,403
578360,404
266467,405
348462,406
463290,407
409847,408
331843,409
241770,410
133131,411
130276,412
279821,413
119652,414
554062,415
299649,416
370596,417
372942,418
259254,419
141961,420
349701,421
258381,422
232475,423
147986,424
465798,425
576069,426
408131,427
333983,428
273540,429
313318,430
131169,431
594271,432
359159,433
427250,434
564044,435
206318,436
176594,437
556721,438
468016,439
366532,440
130278,441
361711,442
438801,443
362556,444
278336,445
574509,446
343050,447
395589,448
133535,449
557364,450
517236,451
241120,452
269729,453
250807,454
571470,455
517997,456
438804,457
111383,458
327513,459
442398,460
335646,461
308403,462
462045,463
124667,464
497121,465
589598,466
183727,467
315343,468
188641,469
146270,470
541685,471
465127,472
253876,473
169434,474
515469,475
300574,476
424850,477
256683,478
331752,479
500254,480
269506,481
135412,482
394970,483
240748,484
456853,485
452418,486
528841,487
254399,488
156668,489
584672,490
513301,491
354779,492
356465,493
337732,494
507100,495
165886,496
257244,497
122062,498
592149,499
109536,500
233397,501
379248,502
391170,503
473855,504
177999,505
286600,506
474118,507
260300,508
299605,509
417119,510
203504,511
381060,512
105874,513
459729,514
339037,515
173055,516
122248,517
534754,518
263656,519
567650,520
486838,521
126507,522
543769,523
421625,524
338400,525
160172,526
344039,527
140490,528
529456,529
403155,530
441352,531
164274,532
544951,533
582338,534
282446,535
437044,536
198704,537
205385,538
319769,539
172771,540
376013,541
519666,542
318224,543
320177,544
519522,545
141718,546
194501,547
349591,548
129547,549
196743,550
320978,551
257315,552
251031,553
372625,554
298492,555
117896,556
559626,557
146190,558
462280,559
339705,560
556217,561
158595,562
182987,563
373654,564
226789,565
568573,566
263013,567
272911,568
506745,569
366220,570
322716,571
188458,572
358477,573
166210,574
480709,575
251074,576
585826,577
100912,578
583512,579
562100,580
376673,581
480481,582
505468,583
596051,584
448151,585
366111,586
250135,587
535049,588
510095,589
267743,590
507674,591
318187,592
522429,593
561243,594
359300,595
116898,596
334963,597
162694,598
153235,599
469984,600
165531,601
114951,602
537107,603
102167,604
385325,605
541228,606
205108,607
334062,608
141483,609
211579,610
242236,611
370331,612
110395,613
543473,614
510483,615
234947,616
595968,617
361528,618
188554,619
245047,620
537013,621
371192,622
107555,623
303937,624
206405,625
544098,626
486234,627
384549,628
404776,629
336235,630
376193,631
367190,632
407985,633
566326,634
427516,635
382259,636
332286,637
262952,638
431965,639
220179,640
141555,641
210312,642
178230,643
338211,644
295400,645
114774,646
296493,647
336735,648
588899,649
152492,650
503095,651
566517,652
262192,653
271687,654
184653,655
348809,656
290059,657
109974,658
213839,659
137666,660
250522,661
199198,662
217579,663
141241,664
258431,665
434506,666
593840,667
294503,668
499322,669
237737,670
112595,671
508615,672
188303,673
110817,674
368517,675
541096,676
341903,677
498729,678
331705,679
438713,680
336935,681
300492,682
129514,683
146362,684
445378,685
153422,686
599492,687
333813,688
406984,689
560819,690
156301,691
156460,692
268951,693
491154,694
495414,695
452427,696
355756,697
484039,698
495844,699
364152,700
411767,701
484841,702
296057,703
470862,704
575370,705
298630,706
597247,707
502186,708
520917,709
137140,710
234672,711
286634,712
227859,713
263335,714
233577,715
577613,716
436170,717
157689,718
400767,719
107137,720
135415,721
157750,722
187464,723
575971,724
310649,725
191345,726
180536,727
375285,728
586564,729
196079,730
327194,731
458834,732
439762,733
128985,734
155786,735
370033,736
165064,737
399862,738
185120,739
561781,740
145751,741
346794,742
125626,743
565578,744
370210,745
560741,746
248266,747
405694,748
553095,749
528308,750
464081,751
154971,752
140200,753
576327,754
497317,755
176225,756
564197,757
147718,758
199484,759
595715,760
175338,761
597724,762
422409,763
345620,764
584704,765
582254,766
348541,767
140984,768
455751,769
550877,770
110377,771
479278,772
524967,773
214214,774
486595,775
293128,776
441401,777
363880,778
335262,779
374238,780
544904,781
578616,782
392273,783
176585,784
461943,785
554389,786
273112,787
262856,788
412837,789
341159,790
209446,791
117720,792
593446,793
531925,794
265177,795
437082,796
357066,797
546685,798
546359,799
313545,800
147442,801
578614,802
181597,803
422000,804
478003,805
446236,806
496856,807
200175,808
295860,809
596581,810
366079,811
177508,812
452507,813
367360,814
247672,815
197117,816
294036,817
392399,818
153429,819
247581,820
105148,821
441306,822
348651,823
261830,824
172715,825
598182,826
582457,827
509400,828
238583,829
531235,830
554253,831
170308,832
230751,833
210900,834
430696,835
552578,836
128831,837
215854,838
523691,839
196385,840
412763,841
199023,842
442913,843
527476,844
547383,845
244167,846
542906,847
252483,848
482744,849
254220,850
534206,851
439469,852
476217,853
525255,854
121019,855
150001,856
443965,857
497643,858
529348,859
503220,860
472915,861
356283,862
367894,863
385391,864
102409,865
115591,866
135889,867
201766,868
335805,869
586630,870
499518,871
484256,872
434581,873
116502,874
207604,875
314771,876
121987,877
416169,878
303522,879
427907,880
260926,881
399148,882
212458,883
158897,884
583512,885
395383,886
463089,887
417625,888
467821,889
539679,890
358053,891
265692,892
530349,893
594956,894
482677,895
471360,896
557540,897
243519,898
439675,899
537547,900
215088,901
262190,902
334392,903
460841,904
234719,905
596249,906
511281,907
394005,908
323967,909
475502,910
167157,911
186877,912
264091,913
132295,914
591759,915
409891,916
383167,917
575766,918
379179,919
268137,920
163418,921
587823,922
395768,923
229643,924
536956,925
422438,926
256569,927
212382,928
557096,929
316502,930
373054,931
223520,932
488527,933
144355,934
470906,935
469719,936
454210,937
283850,938
568889,939
468697,940
412967,941
276053,942
297056,943
378648,944
353005,945
275318,946
298204,947
273686,948
136909,949
257670,950
231252,951
406312,952
355862,953
481968,954
351937,955
311366,956
505472,957
150483,958
179163,959
447012,960
410313,961
522893,962
527495,963
211776,964
574614,965
260220,966
338161,967
414891,968
484724,969
330319,970
278667,971
106939,972
553991,973
385480,974
312369,975
592896,976
374011,977
554396,978
238461,979
500018,980
296384,981
374371,982
543156,983
123369,984
537014,985
174411,986
432182,987
554353,988
574107,989
160947,990
546422,991
372267,992
315254,993
180405,994
330804,995
206401,996
192282,997
497052,998
322025,999
126904,1000
540928,1001
509651,1002
541038,1003
130676,1004
247942,1005
498708,1006
101675,1007
293163,1008
485963,1009
500693,1010
325015,1011
558638,1012
534957,1013
546759,1014
215723,1015
355842,1016
328772,1017
565030,1018
165148,1019
334670,1020
479900,1021
173493,1022
251818,1023
575519,1024
364831,1025
308685,1026
237885,1027
411190,1028
158694,1029
273670,1030
455826,1031
260955,1032
343943,1033
319039,1034
112376,1035
340624,1036
214482,1037
534647,1038
164116,1039
330479,1040
556577,1041
498329,1042
509487,1043
183436,1044
172065,1045
100280,1046
287490,1047
255299,1048
544916,1049
500607,1050
240473,1051
455749,1052
315419,1053
231510,1054
348888,1055
100046,1056
579924,1057
490315,1058
341454,1059
412639,1060
440570,1061
233138,1062
276608,1063
308383,1064
333379,1065
227001,1066
399015,1067
295557,1068
107898,1069
158539,1070
432485,1071
409251,1072
174564,1073
213827,1074
190952,1075
184298,1076
584997,1077
160641,1078
350651,1079
109911,1080
311923,1081
416386,1082
341361,1083
203194,1084
565291,1085
438716,1086
128255,1087
542925,1088
212368,1089
450319,1090
232088,1091
501584,1092
391848,1093
463874,1094
286360,1095
576203,1096
556959,1097
488880,1098
462689,1099
498994,1100
245164,1101
159926,1102
429977,1103
509047,1104
313197,1105
179941,1106
476470,1107
441569,1108
367398,1109
163066,1110
280749,1111
592843,1112
333154,1113
456753,1114
218840,1115
321111,1116
409493,1117
465196,1118
431203,1119
167524,1120
425675,1121
449379,1122
267087,1123
109940,1124
415716,1125
185253,1126
105313,1127
517195,1128
566191,1129
368249,1130
540199,1131
328743,1132
176451,1133
227824,1134
153191,1135
560744,1136
583810,1137
599452,1138
440659,1139
241817,1140
415353,1141
120269,1142
295075,1143
346026,1144
531686,1145
367965,1146
374639,1147
229821,1148
471519,1149
133325,1150
229012,1151
447551,1152
549547,1153
207693,1154
296421,1155
444552,1156
119082,1157
283857,1158
282815,1159
459270,1160
565212,1161
509598,1162
343238,1163
445980,1164
245259,1165
396066,1166
341134,1167
531836,1168
206638,1169
149561,1170
444052,1171
325139,1172
524708,1173
175781,1174
456761,1175
203593,1176
533784,1177
466086,1178
182446,1179
325949,1180
420820,1181
355374,1182
360743,1183
238221,1184
419121,1185
383657,1186
204083,1187
432771,1188
343009,1189
540840,1190
366391,1191
254660,1192
335817,1193
580972,1194
269106,1195
212933,1196
405716,1197
589686,1198
457727,1199
211217,1200
213284,1201
129379,1202
443855,1203
238009,1204
527021,1205
511538,1206
373388,1207
209611,1208
137258,1209
448423,1210
354217,1211
575132,1212
260597,1213
526686,1214
466446,1215
406422,1216
386057,1217
312735,1218
497838,1219
306317,1220
567927,1221
491724,1222
435038,1223
188979,1224
122055,1225
205410,1226
183227,1227
196518,1228
202882,1229
485508,1230
452891,1231
532562,1232
125101,1233
337302,1234
480357,1235
154654,1236
556878,1237
588687,1238
181424,1239
449661,1240
160240,1241
108518,1242
536289,1243
280526,1244
482369,1245
233850,1246
366485,1247
165728,1248
198591,1249
185943,1250
420036,1251
507813,1252
523541,1253
391461,1254
123649,1255
293052,1256
533840,1257
500007,1258
452811,1259
175622,1260
322368,1261
248449,1262
157118,1263
388350,1264
570483,1265
170930,1266
508609,1267
480771,1268
399788,1269
399200,1270
219883,1271
109247,1272
316625,1273
356905,1274
262339,1275
579277,1276
530906,1277
136187,1278
520770,1279
414694,1280
437802,1281
210347,1282
358898,1283
456322,1284
416773,1285
459271,1286
124460,1287
481983,1288
360054,1289
210516,1290
483965,1291
357057,1292
186089,1293
257235,1294
320469,1295
456448,1296
338318,1297
529688,1298
480569,1299
415898,1300
377852,1301
262268,1302
106552,1303
378782,1304
186420,1305
227220,1306
485703,1307
119594,1308
249026,1309
291005,1310
587387,1311
266556,1312
229145,1313
416263,1314
199921,1315
381988,1316
575538,1317
340224,1318
123193,1319
260564,1320
587076,1321
302792,1322
214183,1323
339758,1324
535140,1325
190674,1326
541112,1327
194146,1328
553777,1329
129887,1330
320709,1331
250392,1332
261428,1333
138326,1334
261240,1335
328495,1336
460608,1337
513970,1338
293462,1339
596066,1340
326479,1341
522869,1342
495838,1343
257754,1344
361810,1345
269525,1346
242447,1347
496342,1348
528532,1349
349722,1350
423742,1351
461322,1352
451566,1353
519623,1354
538562,1355
320038,1356
224963,1357
432301,1358
104255,1359
469356,1360
560673,1361
399764,1362
503581,1363
248683,1364
239325,1365
323880,1366
580342,1367
393792,1368
401848,1369
207908,1370
185678,1371
194052,1372
212668,1373
567522,1374
321555,1375
427904,1376
491132,1377
587658,1378
541847,1379
565372,1380
241660,1381
248769,1382
339395,1383
178322,1384
291928,1385
487691,1386
385231,1387
463374,1388
261810,1389
540221,1390
320377,1391
310645,1392
550394,1393
365503,1394
164314,1395
478225,1396
434605,1397
264128,1398
315096,1399
495820,1400
395546,1401
149247,1402
458079,1403
232038,1404
377565,1405
318085,1406
155964,1407
591027,1408
377883,1409
149268,1410
288341,1411
350925,1412
199877,1413
518286,1414
174804,1415
517889,1416
201453,1417
240584,1418
365150,1419
462279,1420
518755,1421
482137,1422
596232,1423
513012,1424
596872,1425
305233,1426
317264,1427
543292,1428
395442,1429
235630,1430
540615,1431
569471,1432
195197,1433
353193,1434
581186,1435
230439,1436
194809,1437
535780,1438
386218,1439
205715,1440
122087,1441
153364,1442
555255,1443
374905,1444
246289,1445
594386,1446
463725,1447
186084,1448
428152,1449
367208,1450
547258,1451
559957,1452
532247,1453
184550,1454
227385,1455
365731,1456
427194,1457
137014,1458
509542,1459
229301,1460
368938,1461
101841,1462
564235,1463
595849,1464
351181,1465
122995,1466
430098,1467
417351,1468
457873,1469
175764,1470
382532,1471
228716,1472
563487,1473
202962,1474
387198,1475
219913,1476
177511,1477
327351,1478
236706,1479
533890,1480
390861,1481
178290,1482
351216,1483
293287,1484
117629,1485
194732,1486
247808,1487
368522,1488
272883,1489
485929,1490
531548,1491
462434,1492
205984,1493
588032,1494
370691,1495
107390,1496
568745,1497
577557,1498
515308,1499
571593,1500
135472,1501
449864,1502
518837,1503
215481,1504
143819,1505
406836,1506
270966,1507
512926,1508
131353,1509
592199,1510
209686,1511
490873,1512
208687,1513
320359,1514
426369,1515
175132,1516
201178,1517
480745,1518
504441,1519
283674,1520
222841,1521
357369,1522
553440,1523
445446,1524
246582,1525
170058,1526
375588,1527
392685,1528
245650,1529
363916,1530
110686,1531
476004,1532
556604,1533
599280,1534
435749,1535
516124,1536
397521,1537
276190,1538
461940,1539
122995,1540
404008,1541
328158,1542
224226,1543
557119,1544
468506,1545
287763,1546
242307,1547
411138,1548
183939,1549
119433,1550
507156,1551
273787,1552
143159,1553
136512,1554
167372,1555
186093,1556
160398,1557
194426,1558
166635,1559
127063,1560
564825,1561
235461,1562
144797,1563
333226,1564
435861,1565
435940,1566
272113,1567
577993,1568
408843,1569
144904,1570
336745,1571
457275,1572
190572,1573
327317,1574
144346,1575
516893,1576
380338,1577
430577,1578
252354,1579
593416,1580
166661,1581
382041,1582
454016,1583
570688,1584
108457,1585
301578,1586
591803,1587
328976,1588
480478,1589
166933,1590
128245,1591
592618,1592
232693,1593
238005,1594
345514,1595
247633,1596
408332,1597
206915,1598
307674,1599
210124,1600
510859,1601
543306,1602
158481,1603
227596,1604
483860,1605
266169,1606
585761,1607
151106,1608
121427,1609
594213,1610
539703,1611
180269,1612
495505,1613
476183,1614
266499,1615
591963,1616
317650,1617
443669,1618
553196,1619
501306,1620
307503,1621
106893,1622
575974,1623
451247,1624
271818,1625
317237,1626
546160,1627
567696,1628
220074,1629
424075,1630
542632,1631
560357,1632
428058,1633
179699,1634
412344,1635
380992,1636
391617,1637
488160,1638
593381,1639
552863,1640
241138,1641
234319,1642
427711,1643
380521,1644
364685,1645
182760,1646
143446,1647
449631,1648
583716,1649
440460,1650
395374,1651
283801,1652
154568,1653
335288,1654
568523,1655
174185,1656
158160,1657
539608,1658
347201,1659
586090,1660
167218,1661
197288,1662
369719,1663
597545,1664
544784,1665
483985,1666
120128,1667
556097,1668
342597,1669
558257,1670
225569,1671
590781,1672
497804,1673
164302,1674
360357,1675
430123,1676
513137,1677
163617,1678
400942,1679
481328,1680
559551,1681
144660,1682
299872,1683
186733,1684
408507,1685
499579,1686
137732,1687
317233,1688
263908,1689
474869,1690
563031,1691
242611,1692
386128,1693
141227,1694
553370,1695
166566,1696
544819,1697
596878,1698
255945,1699
126408,1700
388244,1701
538727,1702
395686,1703
156561,1704
584726,1705
580755,1706
154916,1707
463395,1708
238523,1709
333874,1710
260204,1711
313539,1712
384822,1713
506338,1714
428674,1715
362546,1716
105323,1717
585995,1718
276068,1719
437159,1720
330540,1721
414189,1722
505631,1723
248997,1724
121024,1725
552846,1726
116008,1727
380226,1728
218343,1729
430290,1730
253162,1731
570961,1732
561115,1733
485251,1734
311217,1735
470166,1736
102455,1737
528492,1738
425389,1739
249201,1740
555615,1741
545354,1742
593291,1743
227523,1744
593882,1745
113028,1746
207641,1747
264024,1748
228954,1749
372982,1750
158531,1751
139524,1752
131842,1753
365915,1754
532350,1755
232841,1756
594094,1757
155548,1758
350485,1759
410973,1760
483579,1761
305216,1762
581056,1763
340604,1764
304516,1765
267917,1766
494733,1767
564336,1768
324670,1769
313215,1770
538002,1771
411607,1772
427367,1773
326091,1774
591171,1775
474672,1776
153940,1777
104754,1778
572632,1779
503655,1780
321440,1781
479972,1782
223470,1783
418177,1784
524529,1785
156407,1786
185384,1787
495098,1788
470947,1789
101072,1790
297360,1791
301744,1792
281137,1793
345544,1794
463087,1795
238888,1796
456349,1797
244815,1798
473342,1799
169823,1800
433973,1801
151892,1802
444024,1803
102284,1804
408835,1805
525163,1806
337383,1807
129686,1808
518822,1809
564294,1810
491332,1811
278171,1812
385851,1813
181364,1814
236520,1815
480310,1816
552100,1817
171101,1818
208275,1819
567819,1820
576266,1821
514527,1822
135353,1823
324958,1824
473873,1825
150187,1826
526801,1827
120593,1828
356348,1829
168744,1830
521237,1831
434777,1832
468314,1833
332501,1834
514813,1835
105304,1836
589801,1837
582277,1838
597210,1839
403649,1840
183928,1841
102486,1842
368051,1843
453933,1844
223189,1845
242489,1846
412575,1847
240139,1848
115798,1849
110997,1850
311567,1851
121853,1852
565774,1853
194695,1854
130767,1855
245227,1856
320441,1857
526881,1858
393563,1859
415328,1860
153621,1861
551396,1862
473749,1863
225470,1864
457442,1865
192808,1866
183517,1867
379517,1868
528484,1869
213849,1870
161705,1871
358856,1872
196824,1873
443032,1874
305635,1875
435263,1876
102512,1877
423116,1878
488582,1879
302478,1880
407951,1881
118410,1882
204479,1883
292292,1884
412301,1885
442542,1886
192108,1887
191816,1888
449278,1889
421271,1890
125192,1891
286522,1892
393724,1893
389819,1894
429831,1895
370234,1896
276793,1897
134697,1898
567010,1899
280615,1900
407518,1901
270665,1902
540007,1903
415521,1904
296460,1905
560026,1906
336567,1907
341392,1908
397017,1909
426846,1910
584905,1911
363347,1912
177148,1913
182086,1914
355519,1915
260460,1916
593249,1917
127386,1918
483678,1919
548450,1920
451541,1921
545483,1922
541447,1923
264919,1924
138362,1925
115197,1926
376619,1927
316260,1928
533081,1929
528288,1930
274891,1931
227824,1932
405943,1933
385785,1934
430211,1935
543966,1936
474429,1937
368271,1938
556557,1939
509450,1940
514807,1941
567921,1942
294785,1943
168199,1944
361680,1945
536539,1946
266148,1947
240980,1948
354851,1949
178724,1950
271709,1951
115239,1952
383199,1953
534829,1954
531810,1955
219078,1956
404831,1957
204463,1958
457688,1959
520850,1960
545033,1961
205469,1962
184750,1963
207444,1964
140242,1965
438232,1966
516342,1967
170250,1968
597422,1969
471432,1970
528123,1971
251593,1972
101103,1973
405680,1974
584162,1975
286446,1976
158275,1977
414399,1978
505284,1979
567464,1980
531227,1981
596352,1982
387288,1983
576004,1984
102099,1985
523722,1986
438315,1987
176346,1988
212558,1989
295047,1990
134323,1991
413886,1992
334925,1993
494351,1994
111614,1995
216720,1996
104305,1997
304454,1998
260555,1999
133674,2000
301301,2001
595450,2002
421766,2003
595854,2004
583385,2005
391883,2006
389127,2007
161505,2008
219320,2009
449236,2010
240874,2011
366849,2012
357627,2013
396305,2014
418026,2015
103674,2016
222865,2017
477431,2018
136732,2019
598184,2020
579879,2021
528040,2022
490803,2023
502743,2024
520172,2025
591432,2026
397114,2027
455955,2028
512649,2029
121124,2030
319881,2031
596452,2032
102894,2033
375693,2034
361181,2035
573957,2036
473378,2037
195140,2038
295922,2039
464346,2040
579665,2041
349931,2042
133322,2043
452027,2044
278295,2045
491382,2046
274593,2047
559128,2048
142052,2049
400737,2050
504720,2051
474568,2052
313675,2053
398566,2054
309461,2055
395494,2056
508976,2057
390651,2058
310330,2059
281127,2060
291149,2061
235299,2062
293959,2063
440983,2064
558370,2065
183887,2066
296421,2067
234553,2068
402644,2069
200038,2070
287576,2071
280129,2072
492984,2073
475345,2074
552604,2075
496181,2076
490922,2077
379164,2078
129480,2079
392483,2080
250217,2081
130576,2082
496381,2083
158751,2084
533552,2085
316954,2086
280379,2087
446114,2088
232587,2089
302630,2090
333173,2091
493178,2092
439586,2093
527199,2094
571348,2095
415138,2096
479255,2097
294661,2098
569102,2099
303255,2100
449033,2101
398025,2102
205016,2103
107917,2104
369626,2105
201655,2106
122346,2107
367041,2108
383878,2109
468995,2110
229348,2111
499193,2112
375146,2113
545584,2114
526161,2115
164947,2116
171354,2117
562933,2118
196885,2119
290092,2120
551115,2121
173927,2122
129618,2123
552685,2124
183272,2125
530590,2126
555808,2127
307536,2128
490167,2129
207689,2130
549446,2131
369331,2132
106747,2133
343591,2134
421931,2135
348199,2136
587300,2137
560110,2138
479729,2139
386309,2140
360776,2141
515017,2142
592273,2143
528883,2144
315349,2145
296264,2146
565856,2147
399976,2148
160812,2149
138705,2150
420631,2151
401073,2152
366177,2153
289231,2154
217261,2155
511810,2156
504971,2157
175456,2158
258331,2159
558919,2160
415811,2161
250260,2162
258379,2163
521073,2164
437519,2165
375196,2166
277517,2167
558638,2168
435644,2169
568814,2170
317218,2171
529600,2172
277832,2173
154064,2174
575462,2175
105628,2176
468840,2177
543521,2178
358088,2179
567889,2180
423111,2181
482926,2182
498081,2183
330939,2184
558891,2185
128744,2186
106022,2187
200271,2188
377369,2189
466513,2190
409280,2191
564735,2192
530614,2193
519164,2194
185344,2195
209298,2196
296206,2197
367884,2198
564599,2199
435760,2200
566385,2201
321112,2202
270724,2203
364840,2204
142945,2205
560818,2206
287625,2207
348619,2208
353302,2209
184209,2210
596001,2211
135277,2212
219942,2213
360352,2214
369398,2215
574585,2216
218211,2217
520011,2218
234488,2219
159857,2220
219716,2221
112658,2222
353420,2223
554565,2224
170879,2225
474495,2226
330991,2227
590385,2228
447378,2229
507753,2230
521948,2231
476225,2232
578335,2233
525152,2234
512872,2235
452869,2236
140400,2237
585745,2238
530250,2239
533366,2240
287051,2241
508421,2242
237764,2243
570403,2244
137822,2245
477739,2246
475008,2247
406546,2248
548569,2249
197458,2250
365459,2251
351882,2252
257057,2253
392344,2254
134074,2255
332009,2256
184385,2257
287559,2258
267413,2259
235322,2260
269202,2261
107346,2262
550276,2263
424053,2264
191119,2265
198472,2266
319211,2267
247942,2268
519783,2269
134100,2270
293932,2271
482898,2272
235799,2273
211161,2274
213342,2275
472942,2276
477616,2277
571241,2278
120889,2279
478940,2280
207813,2281
425058,2282
538489,2283
544052,2284
294960,2285
334918,2286
263433,2287
104051,2288
595770,2289
144717,2290
545617,2291
343403,2292
315991,2293
405518,2294
119538,2295
492216,2296
245424,2297
566256,2298
293764,2299
542707,2300
452724,2301
297200,2302
279546,2303
314941,2304
432326,2305
583944,2306
439254,2307
434849,2308
361741,2309
549886,2310
321136,2311
555286,2312
303713,2313
116737,2314
536204,2315
236375,2316
204205,2317
290618,2318
332786,2319
374332,2320
508552,2321
181012,2322
156803,2323
562603,2324
598709,2325
226209,2326
495751,2327
317437,2328
571907,2329
229288,2330
369581,2331
246162,2332
238273,2333
130463,2334
535401,2335
192366,2336
329882,2337
365218,2338
142677,2339
265922,2340
320906,2341
439410,2342
146877,2343
157572,2344
394516,2345
345253,2346
209589,2347
450332,2348
549409,2349
181358,2350
531670,2351
148720,2352
192981,2353
141586,2354
138035,2355
197221,2356
482059,2357
576288,2358
590590,2359
501342,2360
112613,2361
362178,2362
492227,2363
164274,2364
226531,2365
276873,2366
305406,2367
137853,2368
552666,2369
180593,2370
508760,2371
177539,2372
430396,2373
308845,2374
484394,2375
263238,2376
481460,2377
130637,2378
167515,2379
301398,2380
482228,2381
389138,2382
382935,2383
289180,2384
191347,2385
239251,2386
457548,2387
365351,2388
341742,2389
366582,2390
151538,2391
270037,2392
264417,2393
501889,2394
534228,2395
423577,2396
551427,2397
472303,2398
498869,2399
287350,2400
165552,2401
163244,2402
182566,2403
171500,2404
245897,2405
577839,2406
449792,2407
457304,2408
155373,2409
599167,2410
249278,2411
440404,2412
161646,2413
145498,2414
572071,2415
528166,2416
521789,2417
362886,2418
583934,2419
595032,2420
331759,2421
486379,2422
443963,2423
403950,2424
131811,2425
545186,2426
136186,2427
343794,2428
524841,2429
583457,2430
301816,2431
592424,2432
341581,2433
285155,2434
173904,2435
277761,2436
364967,2437
356003,2438
393110,2439
329766,2440
320046,2441
319435,2442
258854,2443
273075,2444
243664,2445
109299,2446
160926,2447
115484,2448
234239,2449
193782,2450
537622,2451
455028,2452
194635,2453
593684,2454
564093,2455
582197,2456
456715,2457
557144,2458
385179,2459
124130,2460
208418,2461
326775,2462
505748,2463
296724,2464
586409,2465
542705,2466
461780,2467
178778,2468
275802,2469
236645,2470
266952,2471
445091,2472
102031,2473
279167,2474
424865,2475
124004,2476
566843,2477
409982,2478
338969,2479
262279,2480
596333,2481
528084,2482
298110,2483
110847,2484
338893,2485
472070,2486
229905,2487
431683,2488
309659,2489
255509,2490
360778,2491
522382,2492
375305,2493
335387,2494
299903,2495
186797,2496
523242,2497
288289,2498
112617,2499
211964,2500
449846,2501
461937,2502
102466,2503
430086,2504
259221,2505
252304,2506
598083,2507
162879,2508
553323,2509
245057,2510
358292,2511
119946,2512
167757,2513
193248,2514
361747,2515
335631,2516
554716,2517
317711,2518
101907,2519
138867,2520
493890,2521
421714,2522
139636,2523
199811,2524
411751,2525
449482,2526
511148,2527
276388,2528
493833,2529
373977,2530
202355,2531
254209,2532
433962,2533
296182,2534
239087,2535
428704,2536
455837,2537
279642,2538
241409,2539
228699,2540
543970,2541
514343,2542
554309,2543
311600,2544
276465,2545
457082,2546
255720,2547
233952,2548
503392,2549
274214,2550
529795,2551
589591,2552
181735,2553
129296,2554
138088,2555
132048,2556
245845,2557
246365,2558
262558,2559
326022,2560
417125,2561
545349,2562
414355,2563
482476,2564
140813,2565
532977,2566
179437,2567
592772,2568
539984,2569
295845,2570
233576,2571
586178,2572
440210,2573
180620,2574
550709,2575
142839,2576
249816,2577
228810,2578
255400,2579
396975,2580
579233,2581
357213,2582
421568,2583
535284,2584
174787,2585
551767,2586
481961,2587
235347,2588
580935,2589
243056,2590
330654,2591
381900,2592
404712,2593
508763,2594
140984,2595
420610,2596
326777,2597
549068,2598
406894,2599
510705,2600
518047,2601
183523,2602
343641,2603
257473,2604
519996,2605
418343,2606
389155,2607
363276,2608
400106,2609
198996,2610
558543,2611
292335,2612
578888,2613
140405,2614
168597,2615
136820,2616
509432,2617
544324,2618
406947,2619
213734,2620
544369,2621
484871,2622
291740,2623
406113,2624
433827,2625
253313,2626
570812,2627
322591,2628
456204,2629
173178,2630
576012,2631
467081,2632
326373,2633
486548,2634
112821,2635
394499,2636
444426,2637
584400,2638
302510,2639
214647,2640
429460,2641
545920,2642
305001,2643
528791,2644
268407,2645
102178,2646
304645,2647
486800,2648
468330,2649
120349,2650
321580,2651
335254,2652
169849,2653
327140,2654
203868,2655
231134,2656
252052,2657
473919,2658
436614,2659
138783,2660
373723,2661
587069,2662
364710,2663
425908,2664
305321,2665
158926,2666
186337,2667
245979,2668
367728,2669
197864,2670
420018,2671
248418,2672
435029,2673
280565,2674
370660,2675
143057,2676
123098,2677
122737,2678
501645,2679
209538,2680
412222,2681
105424,2682
346263,2683
377386,2684
367341,2685
549487,2686
203253,2687
557385,2688
475174,2689
383777,2690
478225,2691
525265,2692
232273,2693
514090,2694
530197,2695
452471,2696
471998,2697
285274,2698
105249,2699
473763,2700
216875,2701
598870,2702
208510,2703
523213,2704
409987,2705
214579,2706
467019,2707
264088,2708
499142,2709
173070,2710
521291,2711
283772,2712
386171,2713
298586,2714
107262,2715
283290,2716
423594,2717
405624,2718
459112,2719
564806,2720
187528,2721
157620,2722
125389,2723
488510,2724
107526,2725
126564,2726
146502,2727
168480,2728
312847,2729
535979,2730
156141,2731
401994,2732
148302,2733
501541,2734
506860,2735
591324,2736
501183,2737
464235,2738
496588,2739
220370,2740
587861,2741
218722,2742
588523,2743
321578,2744
424583,2745
198586,2746
216198,2747
186421,2748
272410,2749
460983,2750
374657,2751
230619,2752
313939,2753
534246,2754
226007,2755
176323,2756
373925,2757
114749,2758
484347,2759
119714,2760
573144,2761
418790,2762
451393,2763
149446,2764
223962,2765
399873,2766
515418,2767
505029,2768
366948,2769
216263,2770
407121,2771
325383,2772
174205,2773
144080,2774
365207,2775
443570,2776
589559,2777
176868,2778
289768,2779
198968,2780
452345,2781
423855,2782
528783,2783
110243,2784
312748,2785
404257,2786
169447,2787
234482,2788
343763,2789
156913,2790
219619,2791
563678,2792
325452,2793
288408,2794
189854,2795
566799,2796
573982,2797
234193,2798
422570,2799
270284,2800
488751,2801
261815,2802
113240,2803
157473,2804
296958,2805
445605,2806
397744,2807
153246,2808
177921,2809
386360,2810
199207,2811
422156,2812
290807,2813
133648,2814
220998,2815
452076,2816
472147,2817
232925,2818
111482,2819
328675,2820
275905,2821
473184,2822
518445,2823
289258,2824
229101,2825
352917,2826
423643,2827
487193,2828
504077,2829
133633,2830
108340,2831
202045,2832
182915,2833
254292,2834
545709,2835
510395,2836
424849,2837
535290,2838
174298,2839
446448,2840
232160,2841
450728,2842
149865,2843
405730,2844
230197,2845
577576,2846
215411,2847
594247,2848
399838,2849
572732,2850
214832,2851
296696,2852
106547,2853
212022,2854
578982,2855
105486,2856
314624,2857
110579,2858
360371,2859
223038,2860
244317,2861
419368,2862
524804,2863
380747,2864
213561,2865
164504,2866
391816,2867
466092,2868
306329,2869
590697,2870
500073,2871
510457,2872
231346,2873
104210,2874
344026,2875
220432,2876
316143,2877
159053,2878
436747,2879
452214,2880
415139,2881
508305,2882
291792,2883
452634,2884
448510,2885
415481,2886
127453,2887
269372,2888
524177,2889
276892,2890
554848,2891
583108,2892
341176,2893
487329,2894
318112,2895
492332,2896
497207,2897
222752,2898
372535,2899
323010,2900
110807,2901
241903,2902
458958,2903
415425,2904
172388,2905
584791,2906
142162,2907
334165,2908
228393,2909
203056,2910
516681,2911
126238,2912
414761,2913
495294,2914
477004,2915
468158,2916
149317,2917
109010,2918
545869,2919
374867,2920
198890,2921
459490,2922
491574,2923
521793,2924
307564,2925
112255,2926
161158,2927
205366,2928
362375,2929
311266,2930
416314,2931
205300,2932
552700,2933
212388,2934
298536,2935
224489,2936
205146,2937
314349,2938
388601,2939
394261,2940
298810,2941
170053,2942
173783,2943
265400,2944
314560,2945
449427,2946
227183,2947
264552,2948
322847,2949
459719,2950
110686,2951
347685,2952
214926,2953
310404,2954
531211,2955
172570,2956
592269,2957
489597,2958
326520,2959
464404,2960
306085,2961
477230,2962
367908,2963
132086,2964
486967,2965
506519,2966
520098,2967
239949,2968
478433,2969
264699,2970
485458,2971
425715,2972
562087,2973
522956,2974
272451,2975
353449,2976
348100,2977
473991,2978
377817,2979
207155,2980
536585,2981
384700,2982
403886,2983
253133,2984
376542,2985
222414,2986
490863,2987
592923,2988
575495,2989
485642,2990
219326,2991
545678,2992
293384,2993
176689,2994
490401,2995
167582,2996
366122,2997
183886,2998
548938,2999
233747,3000
294865,3001
228956,3002
126769,3003
122382,3004
101519,3005
120534,3006
229159,3007
533421,3008
250666,3009
412629,3010
461692,3011
561626,3012
316877,3013
223110,3014
172737,3015
231642,3016
326454,3017
431713,3018
261007,3019
255867,3020
190619,3021
100590,3022
159618,3023
262860,3024
501118,3025
402304,3026
358789,3027
539439,3028
123087,3029
278308,3030
362208,3031
431509,3032
303465,3033
421857,3034
526878,3035
513782,3036
129198,3037
524537,3038
354824,3039
215396,3040
483785,3041
511639,3042
430322,3043
361825,3044
354888,3045
565982,3046
180093,3047
296980,3048
412239,3049
283977,3050
476846,3051
346750,3052
444008,3053
103390,3054
281143,3055
161121,3056
413316,3057
567924,3058
571935,3059
476348,3060
558463,3061
514737,3062
222476,3063
588882,3064
131447,3065
543701,3066
456133,3067
339399,3068
459206,3069
262384,3070
227511,3071
410255,3072
122917,3073
360944,3074
372288,3075
464979,3076
536544,3077
478277,3078
512234,3079
380190,3080
582123,3081
423785,3082
262068,3083
274675,3084
416953,3085
100587,3086
494633,3087
349717,3088
202050,3089
582980,3090
462856,3091
427035,3092
306494,3093
206400,3094
233367,3095
353577,3096
477123,3097
420557,3098
312377,3099
247355,3100
158029,3101
427743,3102
551207,3103
331783,3104
534224,3105
497283,3106
473420,3107
338813,3108
530459,3109
409953,3110
530211,3111
193591,3112
222889,3113
584913,3114
383705,3115
461222,3116
507296,3117
117101,3118
565579,3119
314727,3120
120227,3121
479880,3122
265955,3123
283882,3124
247612,3125
274816,3126
453641,3127
264737,3128
370112,3129
360744,3130
158209,3131
256033,3132
391422,3133
560981,3134
592127,3135
240868,3136
563375,3137
299595,3138
122287,3139
169760,3140
514678,3141
411605,3142
558164,3143
404114,3144
165047,3145
473759,3146
131129,3147
249468,3148
559406,3149
587174,3150
238442,3151
366410,3152
277932,3153
183758,3154
277067,3155
423203,3156
330885,3157
325822,3158
261120,3159
506545,3160
216186,3161
104179,3162
488824,3163
363925,3164
120485,3165
294989,3166
526771,3167
194019,3168
144159,3169
153978,3170
507326,3171
319573,3172
200325,3173
283382,3174
567882,3175
410400,3176
589228,3177
458326,3178
425907,3179
321250,3180
488127,3181
491906,3182
516699,3183
168917,3184
323230,3185
551499,3186
474274,3187
346091,3188
318801,3189
121337,3190
537740,3191
247625,3192
246742,3193
158724,3194
162690,3195
216411,3196
516142,3197
251909,3198
527889,3199
551994,3200
388708,3201
199970,3202
244801,3203
444123,3204
509554,3205
453080,3206
106177,3207
157781,3208
233262,3209
400221,3210
572392,3211
441899,3212
319319,3213
596235,3214
429942,3215
450723,3216
171762,3217
458993,3218
126255,3219
408090,3220
532894,3221
271462,3222
543473,3223
510543,3224
409329,3225
507411,3226
359440,3227
208772,3228
282527,3229
513991,3230
366532,3231
447721,3232
309618,3233
432496,3234
379859,3235
169805,3236
511234,3237
264897,3238
228594,3239
202087,3240
172877,3241
408952,3242
210026,3243
139280,3244
303474,3245
202856,3246
284154,3247
135863,3248
312260,3249
266734,3250
502856,3251
310734,3252
345329,3253
133937,3254
399436,3255
563052,3256
576502,3257
167145,3258
138587,3259
215406,3260
224716,3261
374686,3262
187541,3263
518385,3264
341006,3265
391604,3266
438065,3267
237485,3268
164330,3269
294663,3270
557847,3271
593173,3272
399023,3273
161430,3274
515400,3275
146642,3276
330088,3277
218004,3278
279413,3279
214278,3280
184149,3281
242159,3282
331204,3283
548112,3284
269379,3285
155887,3286
256698,3287
231130,3288
291839,3289
280906,3290
234492,3291
212839,3292
126650,3293
369642,3294
314334,3295
537099,3296
266975,3297
485313,3298
245397,3299
104794,3300
449506,3301
485327,3302
421899,3303
226908,3304
282664,3305
575034,3306
483500,3307
284630,3308
305325,3309
421522,3310
177871,3311
523112,3312
575034,3313
329097,3314
154300,3315
594875,3316
295744,3317
395087,3318
407588,3319
228784,3320
216227,3321
498733,3322
537851,3323
321678,3324
377332,3325
392535,3326
104887,3327
206291,3328
582506,3329
278831,3330
554378,3331
576258,3332
116326,3333
371418,3334
230330,3335
248962,3336
174886,3337
413732,3338
256025,3339
237365,3340
291289,3341
538016,3342
218215,3343
570526,3344
349165,3345
292181,3346
558682,3347
538547,3348
396316,3349
516665,3350
527011,3351
199043,3352
394641,3353
289362,3354
586209,3355
105400,3356
486906,3357
475237,3358
438505,3359
208609,3360
526411,3361
528080,3362
316414,3363
147791,3364
304756,3365
281914,3366
252404,3367
236301,3368
137557,3369
192966,3370
228048,3371
436345,3372
316704,3373
203678,3374
517727,3375
566508,3376
315984,3377
127767,3378
452386,3379
454753,3380
384215,3381
507836,3382
209026,3383
284482,3384
565873,3385
349401,3386
233634,3387
529650,3388
342576,3389
569157,3390
296066,3391
201964,3392
276189,3393
243481,3394
341821,3395
364728,3396
593412,3397
463035,3398
344559,3399
106683,3400
565971,3401
199409,3402
265409,3403
489168,3404
395836,3405
589858,3406
371991,3407
286187,3408
556247,3409
408678,3410
331307,3411
432916,3412
224767,3413
201081,3414
105425,3415
451788,3416
446060,3417
567330,3418
584435,3419
264437,3420
450320,3421
585461,3422
202862,3423
380412,3424
202091,3425
238258,3426
144921,3427
574875,3428
518502,3429
498109,3430
369115,3431
469163,3432
479728,3433
592325,3434
564128,3435
574071,3436
425359,3437
518279,3438
453676,3439
155077,3440
595320,3441
139036,3442
373991,3443
202599,3444
241977,3445
167540,3446
251039,3447
371950,3448
372480,3449
258395,3450
260507,3451
473748,3452
215890,3453
251543,3454
122750,3455
334134,3456
185972,3457
346071,3458
550554,3459
359047,3460
160986,3461
493731,3462
356622,3463
414217,3464
206313,3465
127156,3466
422359,3467
276162,3468
469227,3469
542200,3470
376441,3471
400751,3472
277420,3473
519610,3474
356887,3475
563922,3476
139808,3477
208374,3478
251049,3479
539767,3480
485906,3481
204570,3482
417760,3483
181910,3484
329228,3485
194353,3486
305610,3487
439807,3488
566965,3489
555726,3490
466448,3491
250030,3492
322337,3493
218360,3494
441402,3495
527544,3496
166863,3497
286321,3498
522683,3499
556139,3500
520500,3501
141099,3502
221858,3503
366061,3504
479044,3505
320628,3506
243167,3507
283441,3508
279880,3509
172480,3510
319307,3511
119503,3512
473163,3513
316794,3514
539470,3515
445277,3516
288901,3517
142010,3518
550064,3519
294989,3520
249285,3521
402213,3522
516694,3523
346421,3524
560752,3525
296837,3526
286420,3527
293827,3528
469582,3529
295887,3530
344408,3531
312152,3532
237018,3533
383862,3534
167278,3535
267796,3536
334714,3537
411634,3538
108762,3539
174417,3540
307866,3541
537885,3542
218283,3543
226480,3544
456150,3545
124005,3546
550543,3547
182492,3548
549904,3549
154842,3550
550743,3551
300996,3552
572416,3553
441021,3554
329432,3555
370835,3556
187821,3557
255008,3558
369345,3559
586682,3560
363212,3561
443042,3562
298045,3563
159753,3564
379875,3565
104738,3566
223287,3567
188636,3568
269518,3569
349205,3570
459206,3571
214728,3572
340301,3573
330989,3574
150088,3575
500468,3576
215010,3577
246021,3578
405858,3579
226722,3580
276885,3581
125189,3582
199337,3583
595750,3584
519937,3585
410837,3586
350975,3587
165668,3588
573107,3589
510985,3590
427934,3591
181846,3592
567588,3593
281286,3594
377530,3595
271432,3596
597560,3597
391039,3598
459761,3599
366157,3600
264792,3601
125793,3602
340108,3603
374361,3604
468346,3605
404284,3606
289721,3607
244355,3608
542460,3609
516144,3610
562912,3611
428500,3612
171049,3613
523549,3614
219073,3615
134198,3616
370677,3617
248601,3618
303669,3619
211770,3620
453369,3621
144627,3622
142063,3623
140660,3624
440784,3625
429563,3626
104285,3627
314953,3628
217253,3629
288892,3630
546427,3631
148227,3632
166342,3633
117168,3634
160832,3635
103968,3636
386299,3637
306457,3638
131139,3639
377894,3640
488105,3641
412088,3642
379249,3643
254793,3644
265774,3645
475769,3646
567279,3647
402649,3648
557460,3649
360266,3650
224006,3651
262540,3652
564437,3653
248842,3654
119111,3655
208805,3656
592741,3657
391049,3658
406366,3659
199301,3660
219546,3661
336286,3662
372157,3663
128706,3664
571090,3665
565969,3666
556051,3667
309570,3668
457535,3669
588908,3670
228833,3671
141273,3672
347594,3673
168017,3674
485892,3675
114794,3676
151753,3677
207572,3678
295271,3679
300454,3680
346994,3681
233508,3682
366556,3683
469783,3684
362767,3685
137342,3686
556353,3687
390903,3688
250824,3689
257430,3690
448881,3691
128174,3692
266721,3693
350190,3694
421833,3695
146725,3696
353520,3697
302496,3698
493192,3699
375210,3700
180357,3701
442806,3702
379723,3703
466863,3704
216735,3705
307364,3706
522529,3707
323377,3708
266403,3709
268250,3710
537251,3711
588036,3712
415729,3713
105529,3714
394473,3715
365433,3716
247462,3717
117470,3718
338905,3719
371611,3720
503956,3721
170462,3722
273934,3723
145093,3724
268786,3725
262026,3726
587632,3727
464142,3728
471132,3729
555167,3730
125398,3731
289960,3732
474385,3733
476577,3734
487265,3735
330939,3736
113419,3737
269647,3738
327308,3739
563089,3740
232462,3741
344403,3742
404644,3743
320878,3744
568856,3745
354592,3746
392627,3747
297028,3748
520857,3749
117576,3750
453346,3751
358395,3752
521534,3753
576449,3754
177162,3755
498028,3756
558806,3757
361338,3758
569877,3759
165990,3760
349110,3761
353379,3762
183095,3763
226155,3764
532280,3765
104033,3766
546288,3767
440606,3768
271611,3769
455415,3770
485580,3771
211446,3772
563841,3773
191825,3774
211689,3775
516180,3776
362958,3777
250319,3778
119521,3779
187463,3780
272336,3781
522513,3782
308616,3783
213068,3784
237746,3785
119287,3786
307328,3787
224181,3788
575676,3789
338476,3790
145807,3791
108971,3792
298270,3793
243776,3794
548460,3795
326687,3796
520713,3797
299913,3798
104183,3799
533331,3800
448818,3801
341904,3802
117136,3803
514212,3804
373914,3805
156374,3806
287954,3807
334612,3808
492567,3809
562625,3810
485279,3811
448283,3812
420451,3813
491727,3814
519125,3815
395020,3816
513900,3817
478287,3818
529066,3819
428733,3820
593845,3821
408157,3822
426187,3823
202380,3824
284826,3825
373594,3826
516074,3827
493381,3828
282128,3829
314103,3830
361473,3831
507304,3832
595609,3833
453400,3834
121592,3835
255742,3836
449228,3837
408005,3838
388628,3839
385719,3840
257111,3841
302520,3842
554170,3843
151396,3844
178384,3845
167020,3846
506366,3847
490399,3848
316167,3849
376632,3850
141498,3851
358220,3852
448242,3853
293774,3854
402780,3855
529430,3856
557509,3857
353208,3858
466180,3859
262735,3860
122094,3861
515334,3862
166354,3863
526780,3864
346233,3865
559887,3866
524404,3867
438012,3868
246996,3869
265730,3870
255264,3871
303940,3872
557549,3873
472304,3874
406534,3875
502554,3876
133684,3877
332869,3878
557058,3879
293113,3880
206392,3881
591970,3882
159326,3883
587303,3884
355329,3885
570424,3886
145148,3887
331735,3888
224145,3889
360396,3890
103213,3891
529462,3892
183061,3893
415411,3894
115929,3895
421259,3896
356330,3897
279570,3898
321200,3899
355935,3900
229596,3901
321018,3902
270923,3903
277269,3904
364250,3905
240863,3906
427689,3907
339266,3908
510193,3909
458339,3910
327523,3911
312954,3912
444288,3913
179925,3914
292638,3915
442528,3916
520029,3917
578368,3918
185734,3919
201163,3920
136232,3921
583601,3922
144764,3923
365652,3924
554273,3925
246595,3926
479069,3927
175370,3928
269896,3929
239390,3930
227973,3931
266567,3932
376419,3933
571979,3934
313757,3935
537919,3936
323367,3937
228556,3938
510810,3939
225312,3940
550232,3941
391505,3942
167812,3943
512319,3944
353037,3945
448148,3946
497827,3947
474371,3948
216260,3949
486917,3950
142788,3951
462437,3952
146566,3953
437683,3954
412632,3955
134978,3956
471752,3957
195741,3958
579384,3959
290279,3960
540540,3961
334275,3962
258556,3963
151254,3964
558051,3965
345929,3966
381445,3967
535179,3968
497867,3969
328125,3970
524405,3971
307521,3972
173966,3973
525266,3974
187714,3975
543465,3976
586996,3977
304853,3978
362543,3979
160008,3980
326526,3981
421274,3982
415633,3983
194386,3984
531315,3985
195667,3986
136914,3987
211275,3988
427085,3989
359646,3990
198378,3991
281508,3992
525502,3993
493757,3994
260897,3995
478127,3996
314454,3997
353057,3998
291838,3999
167933,4000