p_id,u_id,grp_id,dateJoined
240869,240869,88058,2019-09-09 21:34:07
257533,257533,118582,2020-01-07 12:53:34
351099,351099,58108,2019-11-21 11:23:51
171147,171147,59728,2020-07-18 06:19:08
208001,208001,41510,2021-04-26 14:48:09
538023,538023,27924,2021-02-19 09:09:55
119614,119614,1867,2021-01-25 16:19:04
453026,453026,113694,2020-02-22 13:17:17
195610,195610,32818,2019-06-19 11:29:59
351652,351652,49298,2019-10-20 07:18:59
492252,492252,40624,2020-03-12 00:04:34
393690,393690,90955,2020-12-25 22:52:39
117357,117357,75157,2020-12-15 06:20:47
232575,232575,113819,2020-01-02 03:49:33
555911,555911,91869,2019-12-28 12:48:35
559838,559838,94384,2021-03-28 14:12:48
126572,126572,76197,2020-05-03 00:07:12
458466,458466,48522,2021-01-15 04:52:44
234599,234599,119321,2020-06-13 08:16:20
251013,251013,50648,2019-09-03 14:42:25
300701,300701,63352,2020-01-20 02:18:49
127863,127863,69050,2020-03-03 07:01:57
304818,304818,58749,2020-07-30 03:46:58
425315,425315,74532,2020-02-13 16:06:51
473669,473669,12811,2019-08-23 02:41:10
126998,126998,45931,2020-06-05 07:11:10
585355,585355,24440,2020-08-03 06:48:13
468579,468579,99454,2019-10-01 17:09:45
216410,216410,86820,2019-09-28 09:28:38
421722,421722,91332,2020-06-28 21:48:57
204608,204608,63168,2021-03-11 05:00:14
367421,367421,27168,2021-01-19 06:13:01
437656,437656,118157,2021-02-13 13:50:02
333217,333217,1027,2020-03-28 16:43:41
142632,142632,55215,2020-11-18 05:58:31
494512,494512,24541,2019-10-02 11:30:44
417431,417431,27386,2019-10-29 13:38:14
579597,579597,40870,2019-10-18 03:43:28
335160,335160,35886,2020-01-05 07:50:14
525280,525280,41493,2020-05-30 15:00:54
457188,457188,75340,2019-12-20 02:23:10
188888,188888,102085,2020-05-23 05:46:50
499577,499577,84972,2019-07-01 10:23:05
552953,552953,10814,2021-01-10 10:15:09
470482,470482,48656,2020-02-13 19:41:57
549290,549290,13723,2020-10-06 01:14:58
319071,319071,105114,2019-08-02 20:32:20
444891,444891,95691,2020-08-19 04:40:22
133161,133161,39852,2021-02-15 18:15:51
276478,276478,102251,2021-03-27 06:08:51
324442,324442,35945,2020-01-20 12:42:57
116407,116407,9851,2019-11-18 19:46:24
321708,321708,112015,2020-11-22 00:44:28
356687,356687,108058,2020-09-08 16:23:27
201923,201923,93145,2020-05-27 05:51:35
222680,222680,101297,2019-09-24 23:49:50
415447,415447,26010,2021-01-17 09:46:15
388165,388165,434,2021-02-05 20:53:39
122427,122427,58189,2020-05-05 13:15:00
173607,173607,81184,2020-04-21 16:36:51
514089,514089,73404,2021-01-26 01:17:14
320238,320238,71813,2019-05-11 07:39:22
590810,590810,42886,2019-08-12 16:40:00
217520,217520,11963,2021-04-19 05:17:05
122131,122131,819,2019-07-12 04:14:02
529435,529435,65803,2019-05-27 19:27:04
110383,110383,85429,2020-12-23 14:11:30
487133,487133,83231,2019-10-29 21:01:01
379007,379007,117690,2019-10-15 03:47:59
307486,307486,93421,2021-05-11 02:56:07
575251,575251,74598,2020-04-09 04:09:30
288230,288230,2144,2020-09-20 15:12:04
489307,489307,6818,2020-05-11 06:23:45
210042,210042,77303,2020-06-19 16:29:06
465705,465705,88794,2020-11-12 13:49:38
231584,231584,13643,2020-09-22 21:57:54
125325,125325,44144,2019-07-01 19:12:50
554248,554248,58210,2020-02-14 01:00:16
515055,515055,20190,2021-01-04 03:20:07
552768,552768,3121,2020-07-15 04:33:59
343157,343157,35049,2021-01-03 09:44:45
206826,206826,21087,2020-08-08 02:40:26
581573,581573,92203,2020-06-29 11:24:36
498079,498079,35489,2019-10-29 08:23:04
320986,320986,56047,2020-06-16 02:50:13
174667,174667,5277,2020-02-25 07:48:12
268262,268262,37478,2019-08-15 02:57:29
547766,547766,101896,2020-09-08 08:59:37
524121,524121,90950,2021-03-29 01:37:41
522923,522923,74870,2019-07-01 15:42:16
318792,318792,53634,2020-05-15 20:23:29
414716,414716,16268,2021-04-20 10:51:55
236926,236926,67143,2020-10-01 12:58:48
128852,128852,40388,2019-09-08 12:14:14
237895,237895,6810,2019-07-10 22:28:20
183278,183278,41684,2021-02-17 18:04:41
204518,204518,70709,2019-09-07 01:18:40
287250,287250,109924,2020-12-29 18:00:27
369570,369570,96454,2020-08-17 18:03:16
134492,134492,48732,2020-01-29 22:48:16
360355,360355,58613,2020-02-03 23:01:35
288584,288584,42947,2020-03-22 12:41:15
324706,324706,86329,2020-06-29 05:16:30
135517,135517,57564,2020-10-24 23:30:56
191296,191296,64551,2020-03-13 18:40:31
593156,593156,73482,2019-08-26 21:45:20
496501,496501,63276,2020-03-19 06:42:55
160334,160334,14513,2020-07-01 00:00:17
347970,347970,740,2019-12-03 08:38:18
584645,584645,66359,2020-12-09 10:04:27
200948,200948,22812,2020-11-09 21:00:40
492425,492425,85316,2021-01-08 02:13:21
416631,416631,49337,2020-10-08 18:15:24
378060,378060,42556,2019-05-30 18:36:57
260273,260273,112128,2019-08-08 11:45:18
507069,507069,24515,2020-01-09 01:17:31
503006,503006,90335,2019-10-27 21:03:00
540083,540083,76910,2020-09-28 21:10:09
310546,310546,120030,2021-03-17 12:45:27
427418,427418,97891,2020-09-10 01:58:38
313897,313897,76810,2020-10-08 01:53:23
358486,358486,102517,2020-12-22 08:16:43
410999,410999,87840,2020-06-21 00:00:08
362630,362630,55325,2020-03-09 15:02:31
521592,521592,37227,2021-02-17 05:48:01
135663,135663,37967,2019-07-06 21:00:29
513199,513199,65666,2021-02-19 22:55:21
204634,204634,24569,2020-01-20 06:26:55
388097,388097,112750,2019-08-31 14:21:57
325544,325544,67985,2021-02-19 17:11:44
114004,114004,13016,2019-07-08 06:12:28
180751,180751,11229,2019-11-08 00:30:57
550283,550283,98115,2020-08-24 17:16:40
529119,529119,24870,2020-12-19 14:17:47
464395,464395,95846,2020-03-05 04:49:10
502559,502559,49894,2020-07-07 04:39:49
117392,117392,95450,2021-05-04 12:44:15
435993,435993,12396,2019-11-15 04:28:00
357630,357630,29098,2020-03-08 11:02:24
298799,298799,29767,2019-11-01 14:42:33
379491,379491,104877,2020-07-01 21:58:33
106902,106902,9647,2021-02-28 01:51:47
370333,370333,74379,2019-07-03 01:27:09
577700,577700,20916,2021-01-01 13:16:51
568373,568373,66753,2021-01-08 12:59:20
407710,407710,37224,2020-04-30 12:26:52
189664,189664,35143,2021-02-23 01:14:15
291177,291177,36910,2020-11-17 03:01:15
149426,149426,81782,2019-06-08 23:31:49
192770,192770,95414,2019-08-03 09:05:04
515215,515215,14246,2020-05-25 20:56:24
123606,123606,4051,2021-01-05 12:08:13
191300,191300,75890,2020-05-28 02:06:09
293480,293480,4231,2020-05-12 01:15:12
210956,210956,7337,2020-05-24 21:53:46
466004,466004,100351,2020-10-31 01:17:34
492443,492443,30848,2020-10-09 02:58:20
298618,298618,38195,2020-02-25 15:51:13
378609,378609,48000,2019-05-30 05:56:48
558981,558981,117661,2019-06-20 22:11:24
378580,378580,89861,2019-11-18 23:41:46
138110,138110,44374,2019-05-11 22:58:27
232062,232062,58374,2019-07-22 00:08:44
547758,547758,46821,2021-03-19 23:59:31
412817,412817,34807,2020-07-02 11:21:08
162703,162703,41737,2021-04-05 11:15:35
115087,115087,36735,2019-08-25 13:37:39
181613,181613,86204,2021-02-19 00:43:20
387835,387835,113866,2021-01-18 05:04:07
312115,312115,103940,2019-12-20 04:38:06
508999,508999,58872,2020-07-25 07:13:40
171457,171457,20928,2020-06-22 06:19:26
316656,316656,115731,2019-11-06 03:01:50
196736,196736,49028,2019-10-31 07:45:41
346733,346733,37958,2019-06-19 08:30:39
490182,490182,5379,2020-12-22 14:31:17
283863,283863,90056,2020-12-30 13:17:01
451292,451292,22809,2020-03-17 10:53:01
467012,467012,110217,2019-09-14 04:05:45
110747,110747,72612,2021-01-25 19:08:11
383962,383962,61404,2020-11-23 22:45:34
236515,236515,19546,2021-05-11 07:45:17
478409,478409,70772,2020-06-15 22:51:57
550443,550443,72248,2019-10-09 10:56:15
390388,390388,93431,2020-01-20 21:42:15
236116,236116,54748,2020-07-30 12:55:54
373287,373287,74559,2021-02-06 21:44:49
270136,270136,25468,2020-07-14 11:06:04
562414,562414,107451,2020-04-08 07:43:33
133415,133415,30489,2019-07-14 06:06:42
205514,205514,7222,2019-12-03 13:47:14
316843,316843,32340,2021-02-06 01:19:37
449760,449760,24039,2020-02-18 05:35:19
558159,558159,25073,2020-04-14 00:58:23
205561,205561,118896,2020-04-14 11:08:33
597284,597284,115558,2019-09-08 19:24:58
422768,422768,95741,2021-02-06 20:25:14
365462,365462,94603,2020-04-07 12:49:45
194489,194489,76657,2020-10-10 03:39:27
110503,110503,96282,2020-03-18 13:42:57
354543,354543,14921,2021-01-09 18:24:58
541391,541391,72280,2019-11-15 22:27:28
305417,305417,20945,2020-02-01 13:25:37
292007,292007,41729,2020-04-28 19:22:34
490447,490447,112088,2019-11-03 12:17:52
342455,342455,119090,2019-08-14 12:23:44
118733,118733,43113,2020-10-06 19:52:35
304554,304554,89805,2019-07-14 22:24:06
401127,401127,68860,2019-10-28 19:48:17
348260,348260,105267,2020-08-01 18:17:29
209108,209108,18083,2019-10-13 09:36:08
431749,431749,29344,2021-02-27 12:32:57
462985,462985,72815,2019-07-25 13:29:32
135754,135754,51144,2019-05-13 20:31:19
117020,117020,44869,2021-03-24 09:05:08
554964,554964,2634,2019-05-14 17:12:31
363340,363340,114870,2020-12-17 20:53:53
585431,585431,82250,2019-09-06 08:42:45
169064,169064,92579,2020-06-14 01:33:41
141078,141078,32672,2020-05-01 20:58:23
231614,231614,23578,2019-07-12 10:42:47
192150,192150,64080,2021-01-21 17:11:03
330722,330722,4406,2021-02-19 13:34:13
104612,104612,40417,2020-07-07 01:27:21
331316,331316,116884,2020-03-19 23:20:31
534743,534743,107702,2020-10-31 16:29:37
382657,382657,12026,2020-11-20 11:31:12
443263,443263,77085,2019-09-24 03:40:58
550199,550199,90679,2020-12-08 14:23:00
479470,479470,39292,2019-07-17 18:58:41
421146,421146,120375,2020-06-14 09:19:54
294587,294587,114550,2020-02-01 02:34:06
128154,128154,26823,2020-04-25 23:40:54
158485,158485,15844,2019-09-29 10:11:28
267880,267880,60024,2020-01-22 13:39:54
553062,553062,102072,2019-08-30 17:54:57
182335,182335,2779,2020-09-11 02:35:29
403565,403565,89215,2019-08-02 23:19:07
315605,315605,97662,2019-09-04 05:01:51
525284,525284,32428,2019-10-31 14:21:46
549312,549312,17410,2019-08-01 00:16:58
553973,553973,23226,2021-01-18 08:30:00
402379,402379,74596,2019-08-06 22:16:29
118641,118641,45346,2019-07-17 11:11:24
367497,367497,112120,2021-02-05 23:54:55
169620,169620,80663,2021-03-21 20:10:08
279052,279052,53281,2020-12-17 17:16:48
544219,544219,58787,2020-05-28 08:47:11
242506,242506,113054,2020-09-24 07:18:30
475489,475489,78495,2020-04-14 22:37:07
491667,491667,99648,2019-12-14 00:30:37
494281,494281,62612,2020-12-03 19:01:43
320667,320667,60044,2019-11-07 18:10:12
472992,472992,11023,2021-01-06 11:37:35
357984,357984,119858,2021-04-23 00:40:03
532799,532799,79225,2021-05-06 21:46:13
395803,395803,113760,2021-04-12 21:43:19
175480,175480,53149,2019-07-16 13:06:46
490012,490012,53558,2021-03-15 05:05:31
516844,516844,120477,2019-09-22 13:49:36
395757,395757,81640,2020-06-16 21:28:03
169178,169178,63619,2020-05-24 12:04:58
586183,586183,36128,2020-02-14 17:48:49
109437,109437,54264,2020-11-25 16:18:59
388498,388498,19551,2019-10-18 15:08:44
480244,480244,58985,2019-09-21 07:11:52
317709,317709,74883,2020-08-30 15:04:08
471385,471385,18356,2020-12-20 20:00:22
150009,150009,6849,2021-02-02 00:41:10
449556,449556,70672,2019-06-19 19:20:49
339587,339587,24160,2020-01-07 13:53:00
449941,449941,73166,2020-07-23 01:46:44
107707,107707,17172,2020-06-04 05:44:29
281231,281231,58680,2020-04-30 19:11:45
212809,212809,59496,2020-10-01 21:02:34
444243,444243,15491,2021-03-14 02:59:12
389195,389195,14997,2020-01-12 01:28:58
190003,190003,18171,2019-06-02 03:05:25
216550,216550,17583,2021-01-04 13:37:46
198260,198260,12847,2021-03-09 23:35:39
399552,399552,28995,2019-09-27 07:40:54
351692,351692,85306,2021-04-07 18:52:08
531066,531066,97155,2020-09-28 07:34:39
585163,585163,15894,2019-08-31 03:58:13
461609,461609,26934,2019-06-02 05:59:59
271258,271258,8796,2020-06-27 12:17:59
472200,472200,66840,2019-06-27 06:12:29
348740,348740,106456,2021-02-18 23:29:35
110257,110257,55093,2021-03-30 20:44:31
121586,121586,55546,2020-07-17 03:06:03
552184,552184,59120,2021-04-07 17:06:45
233435,233435,58583,2019-07-23 21:50:12
128253,128253,8498,2020-08-19 08:56:04
599244,599244,83752,2021-05-10 00:24:59
235250,235250,82596,2020-09-07 23:07:41
408918,408918,28889,2020-09-26 05:50:08
283660,283660,1406,2021-01-19 09:39:54
355629,355629,77662,2019-11-29 08:27:02
269257,269257,14939,2021-03-26 17:26:02
301670,301670,37438,2019-11-19 05:43:06
137752,137752,120151,2020-10-20 06:57:13
297425,297425,3177,2019-12-27 03:13:23
472596,472596,94347,2019-06-09 03:42:51
370918,370918,54519,2020-11-26 14:30:07
111038,111038,54083,2020-10-23 11:28:47
175519,175519,13437,2020-01-05 00:12:36
389299,389299,104539,2019-05-12 11:15:43
424258,424258,48785,2020-08-08 09:45:46
103076,103076,69770,2020-03-15 16:04:13
453692,453692,81899,2019-08-13 14:13:53
164218,164218,26869,2019-09-26 04:29:36
341963,341963,55050,2020-09-14 20:52:39
224350,224350,35811,2020-08-17 12:24:26
239501,239501,46790,2020-01-28 13:20:30
350019,350019,59181,2020-06-25 19:04:15
314699,314699,68592,2020-08-11 16:36:05
427038,427038,27603,2019-11-27 22:49:22
393968,393968,45786,2021-03-13 09:35:48
484215,484215,92674,2020-07-18 01:33:43
588103,588103,43798,2021-01-21 19:20:25
362886,362886,66462,2021-02-28 20:27:30
506221,506221,37453,2021-03-07 12:15:10
502357,502357,22543,2020-11-04 15:05:09
388630,388630,36551,2019-11-17 19:15:25
302186,302186,69551,2020-10-31 12:21:03
487891,487891,52237,2020-07-28 07:29:55
247505,247505,73892,2019-05-17 10:08:47
287994,287994,11454,2020-07-27 05:32:25
582756,582756,28738,2020-08-23 01:44:24
330689,330689,48866,2020-07-17 09:10:57
251846,251846,78372,2020-09-10 04:25:04
111623,111623,2438,2020-09-25 13:05:41
382130,382130,90967,2021-01-11 02:26:55
508802,508802,109210,2020-01-19 17:22:23
569261,569261,40930,2021-03-08 10:34:18
117887,117887,97541,2020-07-10 05:04:37
560355,560355,101513,2021-01-21 20:51:05
374613,374613,49371,2019-10-31 08:47:51
402292,402292,69899,2020-07-15 00:21:52
216074,216074,2816,2019-06-28 12:51:08
188947,188947,52517,2021-01-27 14:56:09
238598,238598,10068,2019-09-22 16:49:39
549413,549413,116770,2019-07-24 19:13:07
299399,299399,50711,2021-04-20 05:50:23
427029,427029,36187,2021-03-20 23:24:52
104148,104148,107274,2019-08-08 09:11:49
561658,561658,81893,2020-09-18 22:04:25
524559,524559,90865,2020-09-22 11:19:07
320757,320757,74943,2019-12-27 02:07:46
514888,514888,65307,2020-05-05 06:59:06
373142,373142,56938,2019-10-12 14:34:27
234967,234967,69787,2020-04-10 11:31:07
148473,148473,102202,2019-12-10 17:48:34
449580,449580,72125,2020-04-04 07:36:32
502797,502797,25962,2019-10-13 09:12:47
383816,383816,85731,2019-10-04 01:07:01
454838,454838,77168,2020-02-15 22:01:18
365379,365379,12993,2019-07-27 12:34:34
191088,191088,4441,2019-09-10 12:31:17
246967,246967,116989,2020-06-17 04:29:57
470926,470926,119242,2020-07-26 04:02:39
168552,168552,45500,2020-02-23 01:47:22
415540,415540,97598,2020-03-03 20:11:25
421200,421200,74686,2019-05-27 05:06:10
407241,407241,38683,2021-02-26 23:25:52
439125,439125,32557,2019-10-16 17:25:27
387485,387485,83928,2020-06-27 19:12:46
208606,208606,116487,2020-03-12 16:39:20
396546,396546,48716,2020-05-23 18:47:21
475409,475409,101083,2021-04-02 14:13:33
323751,323751,54620,2020-09-03 21:34:31
166865,166865,37363,2020-06-07 04:07:55
505175,505175,60385,2019-08-26 00:36:34
180645,180645,64340,2019-08-20 06:09:37
241157,241157,97533,2019-05-14 14:55:46
555534,555534,80431,2019-07-17 22:34:43
233835,233835,38236,2019-12-08 00:57:28
249286,249286,43514,2020-05-14 02:47:59
474419,474419,115432,2020-01-24 08:00:42
434599,434599,81833,2021-02-11 12:03:01
318336,318336,70987,2020-08-20 09:12:18
577378,577378,6356,2020-10-26 17:11:39
273962,273962,120317,2019-05-15 13:10:01
491240,491240,39238,2019-07-31 03:44:42
484710,484710,114761,2019-09-04 16:14:22
424487,424487,57321,2021-04-30 15:18:34
264124,264124,91003,2021-01-27 00:14:36
299684,299684,12787,2020-07-11 17:58:11
346672,346672,81655,2020-01-29 13:16:02
287998,287998,25161,2020-09-24 12:31:26
332042,332042,94239,2019-11-21 13:37:39
365608,365608,78072,2019-07-06 01:39:23
234873,234873,6944,2020-06-16 16:52:27
446295,446295,114690,2020-05-09 13:28:35
595474,595474,74974,2021-02-07 16:37:29
570093,570093,41153,2021-02-03 17:48:24
154027,154027,112791,2021-04-08 07:41:38
184651,184651,4288,2019-12-10 16:26:46
522117,522117,22228,2020-01-31 21:53:21
450755,450755,102417,2019-09-06 11:38:48
463516,463516,38417,2019-06-24 22:11:17
525465,525465,94015,2021-01-15 05:54:44
184821,184821,77335,2020-04-15 23:22:03
578785,578785,57835,2020-03-25 15:24:22
469000,469000,117641,2021-02-07 06:51:21
131850,131850,34327,2020-02-21 08:21:07
108979,108979,93310,2019-05-29 19:24:30
580150,580150,18515,2020-09-13 02:03:32
152578,152578,32746,2020-09-11 16:12:41
350276,350276,84872,2019-09-09 18:19:27
325369,325369,62329,2020-09-19 11:31:10
571460,571460,82708,2021-02-04 23:06:38
551320,551320,6231,2021-04-02 22:36:39
317956,317956,94890,2021-04-24 00:29:37
551781,551781,59008,2020-10-08 17:42:38
195761,195761,111233,2019-06-06 07:28:49
528377,528377,80019,2021-01-01 17:11:09
453024,453024,20026,2021-02-03 08:16:37
440040,440040,85126,2021-02-04 15:54:27
271565,271565,4030,2019-12-12 08:37:37
531389,531389,52262,2020-08-27 19:53:37
212225,212225,5339,2020-01-27 18:50:24
246423,246423,5797,2019-06-22 20:04:00
281443,281443,71447,2019-05-20 15:06:29
463349,463349,25952,2020-09-19 04:57:50
243583,243583,28408,2019-07-07 10:44:08
558287,558287,50969,2019-12-16 10:14:37
524921,524921,94378,2020-04-17 04:01:09
465715,465715,62862,2021-01-21 15:55:01
114843,114843,71000,2021-03-28 07:03:32
256275,256275,56946,2021-04-01 06:40:27
372084,372084,114553,2021-01-13 02:08:06
377657,377657,55031,2020-12-13 04:22:03
283987,283987,37526,2019-06-08 09:03:06
313532,313532,113766,2019-12-14 03:54:05
303615,303615,87554,2021-02-27 02:42:02
321581,321581,34253,2021-04-30 07:26:30
557494,557494,42230,2019-05-28 18:24:06
380943,380943,32787,2020-02-28 23:09:09
384626,384626,51107,2020-10-22 16:21:38
422553,422553,60392,2019-07-18 18:57:40
399178,399178,12726,2019-09-29 21:59:18
520860,520860,112952,2020-07-04 06:35:20
337290,337290,110643,2020-05-23 17:52:12
582820,582820,4102,2019-09-03 10:04:11
404795,404795,103052,2020-10-12 08:38:59
180728,180728,75000,2020-06-13 18:06:13
447619,447619,104644,2020-06-09 08:17:25
408334,408334,22054,2020-04-13 06:49:54
316369,316369,33378,2020-03-23 14:08:53
110152,110152,18422,2019-11-09 00:24:50
588602,588602,87092,2019-11-17 01:35:14
598481,598481,115254,2020-04-30 12:22:10
389874,389874,113897,2020-07-17 15:17:27
369849,369849,68278,2019-06-09 11:07:40
431004,431004,22057,2020-08-23 23:25:53
224589,224589,73941,2019-11-12 13:49:34
144810,144810,85645,2020-03-07 02:47:39
311945,311945,105708,2020-03-04 15:32:20
299150,299150,87238,2020-04-26 09:19:07
236304,236304,59722,2020-03-31 20:23:36
156784,156784,82056,2019-08-08 07:47:01
506849,506849,97103,2019-12-18 17:23:43
574072,574072,76531,2020-01-29 17:38:15
145575,145575,77434,2021-03-20 09:14:36
295258,295258,73340,2020-03-22 07:36:18
439593,439593,69121,2019-08-29 13:25:00
152559,152559,32532,2020-11-05 17:43:56
199318,199318,18916,2020-05-11 18:59:33
473282,473282,59152,2019-09-27 03:12:49
574685,574685,25316,2020-01-04 18:05:06
573381,573381,37687,2019-10-03 06:21:33
338725,338725,47613,2021-01-30 07:58:05
138368,138368,5455,2020-11-24 21:41:25
272291,272291,50401,2021-01-01 01:51:26
461728,461728,46031,2019-09-23 22:44:02
206916,206916,85436,2019-11-08 22:06:07
583944,583944,111898,2019-06-25 22:39:38
371812,371812,63042,2020-10-27 00:16:36
468441,468441,1229,2020-03-29 23:06:17
194789,194789,103276,2019-07-20 22:52:45
550419,550419,114820,2020-10-18 11:25:08
483665,483665,71279,2020-02-17 21:17:09
282058,282058,88600,2019-05-26 05:41:47
285934,285934,43830,2019-05-25 19:36:56
348291,348291,46182,2021-03-31 09:27:58
559907,559907,12896,2021-04-14 23:23:05
282177,282177,18574,2019-11-23 20:19:05
586583,586583,71643,2020-07-20 11:29:13
579069,579069,68507,2020-05-13 15:15:23
238398,238398,78495,2020-12-26 07:06:42
353816,353816,76815,2020-08-28 11:16:49
199329,199329,43034,2020-12-30 18:01:50
495768,495768,69688,2020-08-13 22:56:10
381427,381427,75406,2021-03-15 05:00:32
412939,412939,62301,2020-08-13 12:35:51
479408,479408,60974,2020-11-19 20:15:47
382731,382731,35057,2019-06-27 19:36:46
375731,375731,88194,2020-03-22 12:00:29
381567,381567,93465,2019-08-28 22:24:16
479426,479426,62995,2020-05-02 02:55:34
401951,401951,81075,2020-06-06 10:23:39
578149,578149,66230,2019-09-27 03:49:31
356331,356331,93275,2019-12-23 03:44:50
130429,130429,30515,2019-12-04 10:05:45
583597,583597,56760,2020-06-06 09:46:13
243295,243295,13455,2020-05-18 23:55:33
435237,435237,37133,2021-02-01 17:16:49
558188,558188,5887,2020-05-11 17:48:38
235847,235847,98706,2020-12-07 04:30:15
549385,549385,55459,2019-12-29 01:35:00
258633,258633,94751,2020-09-22 17:43:20
421326,421326,63578,2020-10-26 06:39:39
394427,394427,74508,2019-11-27 06:40:27
270582,270582,109845,2021-02-13 18:17:19
417578,417578,75831,2021-03-17 00:52:41
385697,385697,26110,2019-08-13 20:46:37
114926,114926,91045,2019-12-17 17:30:02
337937,337937,44731,2020-11-07 15:17:49
416435,416435,77445,2021-02-25 06:40:28
276077,276077,77609,2019-11-20 18:37:58
575029,575029,97160,2019-05-27 14:02:13
265228,265228,30055,2020-03-23 11:01:23
357619,357619,84938,2020-09-14 22:05:59
215987,215987,83281,2021-03-17 08:50:01
219941,219941,76494,2020-10-05 12:41:29
322767,322767,90286,2021-03-16 08:18:21
597816,597816,76679,2020-12-12 09:57:23
425936,425936,48543,2019-06-23 07:37:00
495218,495218,73037,2019-10-06 17:02:31
293892,293892,28755,2021-01-13 20:43:20
473766,473766,102986,2019-06-05 15:26:04
176400,176400,52683,2020-11-11 20:52:14
534188,534188,112131,2020-06-02 20:30:40
108117,108117,7151,2019-06-27 19:39:56
438701,438701,26337,2020-11-30 20:16:48
192354,192354,70261,2020-08-27 00:21:31
574511,574511,116370,2020-05-24 08:08:34
425472,425472,117625,2020-09-08 22:01:38
105527,105527,12517,2020-09-12 19:43:44
444941,444941,17982,2021-03-28 05:59:56
550417,550417,99624,2020-06-10 04:39:41
113510,113510,105857,2021-04-19 06:29:30
569035,569035,54481,2019-07-11 21:35:26
426157,426157,25722,2019-11-26 22:00:50
271590,271590,98863,2019-05-30 20:02:37
481196,481196,66301,2019-12-18 19:08:22
312836,312836,90163,2021-01-15 17:26:14
554748,554748,80384,2020-09-21 01:53:22
473713,473713,82337,2020-03-27 20:26:07
389080,389080,21587,2020-10-06 11:21:06
521572,521572,94597,2021-01-04 22:00:23
517563,517563,107493,2021-02-15 20:25:42
208434,208434,14983,2019-11-09 17:50:53
528598,528598,81277,2020-07-09 18:46:44
187415,187415,32532,2019-10-29 15:58:53
573932,573932,32846,2020-08-02 12:05:47
595610,595610,114336,2019-12-10 12:05:06
517019,517019,63681,2021-01-17 14:05:29
273973,273973,3654,2020-09-01 08:37:22
172375,172375,81832,2020-03-28 07:13:29
241781,241781,25123,2020-06-07 20:32:08
368824,368824,110732,2020-03-07 06:13:47
289827,289827,26423,2019-07-28 19:13:45
119444,119444,120191,2020-03-11 07:35:12
573976,573976,5757,2020-07-05 19:13:45
400573,400573,64641,2020-06-02 02:17:57
333572,333572,60098,2020-06-15 08:34:53
288780,288780,103719,2019-12-30 08:19:58
207983,207983,106721,2021-04-25 11:10:45
315345,315345,45203,2019-07-18 02:21:11
416837,416837,67591,2020-06-02 22:38:01
435169,435169,17444,2020-01-17 23:01:11
188073,188073,45064,2020-06-16 05:50:41
284758,284758,86712,2021-02-03 12:59:28
391113,391113,55146,2021-03-09 23:06:37
525822,525822,108331,2019-08-16 17:23:33
204612,204612,43667,2020-11-29 05:38:53
250607,250607,45931,2020-08-19 06:34:27
503108,503108,84080,2019-09-17 23:16:40
563371,563371,14236,2019-05-17 13:27:45
383350,383350,66803,2019-07-01 07:31:50
280996,280996,79501,2019-10-03 08:21:51
404658,404658,99068,2020-07-26 12:40:56
462383,462383,103927,2020-05-30 03:39:56
552663,552663,22784,2019-09-15 07:06:43
357834,357834,35539,2020-12-26 01:04:40
310569,310569,31102,2019-10-16 19:58:51
384292,384292,39786,2019-09-06 05:09:46
148216,148216,4764,2019-11-06 15:05:31
279365,279365,48181,2019-12-20 13:56:13
430856,430856,2870,2019-08-08 04:25:31
417033,417033,89486,2020-11-05 20:05:06
181125,181125,55759,2021-01-13 03:54:20
496687,496687,83952,2020-09-07 22:23:13
180146,180146,20681,2020-05-28 12:38:38
293125,293125,44496,2021-01-28 21:02:04
278581,278581,54342,2019-05-19 02:12:57
363263,363263,41354,2021-03-15 18:30:26
592910,592910,89943,2020-02-03 17:38:05
553335,553335,51528,2020-07-20 05:06:48
283807,283807,108646,2020-06-29 19:41:53
338007,338007,14321,2020-06-28 13:16:08
232082,232082,47774,2020-08-30 07:58:59
379852,379852,81649,2020-06-28 21:06:55
117976,117976,71601,2019-09-20 12:11:17
220679,220679,35286,2020-05-19 12:50:26
184796,184796,40171,2021-04-14 00:14:28
315244,315244,80513,2020-05-13 13:44:32
271306,271306,95042,2019-12-27 22:53:35
275937,275937,12519,2019-12-01 04:33:56
104134,104134,29354,2020-03-13 14:09:11
349880,349880,37128,2019-05-11 16:55:56
359035,359035,8374,2019-07-10 04:57:20
323592,323592,89861,2021-03-21 19:06:06
289964,289964,119039,2020-09-27 10:41:22
520818,520818,115000,2021-05-04 21:25:49
337050,337050,72189,2019-06-07 23:00:17
187805,187805,38636,2019-05-25 18:17:34
392876,392876,26310,2019-12-28 20:49:06
386503,386503,38102,2020-06-30 07:54:39
580813,580813,47041,2020-02-27 20:12:23
302877,302877,101904,2021-04-22 19:25:04
243318,243318,67617,2019-09-03 16:50:11
481517,481517,79930,2019-07-03 19:58:48
177325,177325,104080,2021-03-05 19:24:01
285756,285756,1735,2021-01-06 16:18:25
145864,145864,50646,2019-06-24 18:42:33
209385,209385,59534,2020-04-12 03:13:49
208924,208924,14083,2019-12-29 00:43:52
179402,179402,30139,2020-11-25 19:09:59
470991,470991,30643,2021-01-20 13:30:05
435164,435164,5219,2020-01-30 02:13:50
462405,462405,9851,2019-10-14 07:29:11
150979,150979,22250,2020-03-29 18:57:28
255423,255423,25425,2021-01-01 20:53:12
188463,188463,85896,2020-02-09 00:06:34
161284,161284,54838,2020-02-20 02:24:50
400945,400945,37226,2021-04-06 19:15:07
350146,350146,109611,2021-03-03 17:02:16
250174,250174,44091,2020-10-05 19:30:12
249879,249879,23049,2020-03-20 17:15:01
253905,253905,34566,2021-05-07 17:53:20
336586,336586,3302,2021-02-09 17:58:27
391931,391931,47383,2019-07-12 16:38:21
215233,215233,35056,2020-02-02 10:13:20
347290,347290,25044,2019-11-02 11:22:14
400229,400229,109596,2021-03-17 01:26:36
430212,430212,116108,2021-04-03 14:22:36
334839,334839,48033,2020-05-22 23:04:02
587570,587570,54010,2021-04-30 11:30:17
532007,532007,3569,2020-04-27 21:19:32
512817,512817,1774,2019-08-28 01:02:17
483452,483452,9710,2021-04-22 17:41:42
275059,275059,60444,2020-10-30 01:12:30
173371,173371,106907,2020-07-12 15:07:01
598296,598296,69587,2019-08-27 08:59:13
491185,491185,53977,2019-09-29 05:50:47
304160,304160,44676,2020-05-06 16:55:58
185773,185773,53006,2019-07-19 13:41:24
200560,200560,23079,2019-08-17 07:19:10
279124,279124,46609,2020-09-03 19:51:44
131148,131148,105292,2020-02-29 04:52:21
505334,505334,17126,2021-02-03 11:41:57
425180,425180,110736,2020-09-10 16:17:24
583897,583897,45371,2020-06-04 07:17:24
539922,539922,70367,2019-11-19 09:13:55
321571,321571,75324,2021-05-09 01:11:09
417554,417554,63650,2020-04-04 20:52:53
189919,189919,97371,2020-11-01 13:29:04
507974,507974,32985,2019-11-15 21:37:32
147785,147785,118094,2019-12-25 14:03:24
502373,502373,19744,2020-03-01 19:37:52
172871,172871,97957,2019-09-08 16:49:43
271711,271711,24705,2019-06-28 23:38:54
527988,527988,32410,2020-10-20 00:57:14
378823,378823,7305,2020-06-04 12:10:11
586068,586068,96650,2021-03-31 05:28:25
531705,531705,28825,2020-02-26 10:02:55
457950,457950,27645,2020-06-12 03:31:13
106421,106421,81558,2020-03-04 03:36:57
590933,590933,61719,2020-12-06 15:21:09
184039,184039,115874,2020-04-26 13:35:48
482326,482326,88153,2021-03-20 02:24:50
454333,454333,117188,2020-01-14 03:00:29
414895,414895,19962,2019-08-08 22:28:54
473983,473983,32813,2020-09-19 19:38:13
371417,371417,32006,2019-08-14 22:05:42
336367,336367,78732,2020-03-21 14:44:54
146315,146315,14699,2019-08-18 00:09:46
165726,165726,37934,2020-09-21 19:43:28
256048,256048,73625,2019-07-20 07:15:49
115322,115322,102498,2019-08-05 16:56:44
247275,247275,112550,2021-03-14 22:54:26
280272,280272,85794,2021-03-20 00:14:42
186289,186289,76257,2020-09-26 01:30:58
581098,581098,18267,2020-04-16 12:12:22
474743,474743,71004,2020-10-23 01:26:31
413354,413354,22421,2019-05-22 19:07:36
195562,195562,79544,2020-07-18 16:59:09
555385,555385,7384,2020-07-28 23:27:49
105362,105362,109309,2019-07-05 09:34:57
336099,336099,96730,2020-07-11 20:06:24
370693,370693,27312,2020-02-04 13:42:18
527624,527624,24792,2021-03-31 16:22:37
327791,327791,95779,2020-07-21 20:00:01
123147,123147,41064,2019-10-15 12:49:56
201598,201598,83121,2019-08-22 14:43:50
315097,315097,31398,2019-07-17 16:13:08
335357,335357,65826,2020-01-06 13:43:05
454484,454484,24410,2019-12-01 07:51:56
440637,440637,118997,2020-10-18 18:43:41
237904,237904,17212,2019-07-22 21:26:49
592139,592139,70480,2019-06-15 06:18:31
258648,258648,111348,2020-09-05 19:40:42
103866,103866,6728,2020-08-04 22:38:39
474553,474553,29901,2020-08-04 01:25:25
257667,257667,59254,2020-09-24 18:41:48
471681,471681,82067,2019-12-21 13:06:07
183071,183071,113150,2021-04-17 15:52:51
332991,332991,77832,2019-06-26 06:32:27
443410,443410,29813,2020-12-21 23:19:13
457842,457842,23233,2021-05-05 19:10:27
582498,582498,73552,2020-01-04 06:50:31
446527,446527,57983,2020-12-19 15:16:13
229672,229672,2329,2021-01-21 14:42:37
355741,355741,64311,2021-03-13 02:31:25
596846,596846,59245,2021-02-17 22:04:36
430829,430829,60751,2019-06-10 01:15:03
213033,213033,117425,2021-05-05 09:09:23
565622,565622,26219,2019-09-03 06:47:30
469145,469145,70378,2020-09-16 07:37:01
580630,580630,7245,2021-01-04 23:57:30
245337,245337,77734,2021-03-11 13:28:12
381235,381235,46862,2020-06-11 18:28:34
386974,386974,21394,2020-08-01 22:06:59
254494,254494,25448,2020-08-01 18:10:27
383065,383065,46816,2020-11-16 16:05:37
281442,281442,109733,2020-02-14 00:55:22
432832,432832,77577,2019-11-13 16:13:56
370739,370739,57598,2019-12-16 15:03:32
246437,246437,19834,2020-12-13 22:57:58
535608,535608,47978,2021-02-01 20:26:39
430182,430182,89474,2020-08-10 17:48:00
529794,529794,43339,2019-11-28 01:40:52
376846,376846,56015,2021-03-08 11:40:05
210248,210248,85303,2020-01-16 11:19:06
570528,570528,94966,2021-01-08 20:35:33
552057,552057,85034,2019-05-31 02:12:03
289359,289359,115874,2021-04-09 05:25:18
409225,409225,67109,2021-02-04 09:49:39
523259,523259,104674,2020-05-14 09:14:36
207838,207838,25852,2020-09-29 11:00:25
218019,218019,50087,2019-08-18 02:11:32
433786,433786,31015,2020-04-26 07:02:35
117915,117915,57864,2020-01-14 22:51:35
310957,310957,96164,2020-11-05 22:37:56
381481,381481,36546,2020-08-11 19:56:30
560271,560271,8832,2020-10-02 14:15:37
589145,589145,107805,2019-12-10 16:07:07
193126,193126,11152,2021-05-11 13:08:59
274692,274692,52840,2020-07-11 19:52:43
333206,333206,74278,2020-12-06 18:10:31
598125,598125,5436,2020-10-31 02:43:05
443483,443483,2839,2021-01-30 08:41:54
112143,112143,35437,2019-11-29 11:31:11
306838,306838,73500,2020-07-26 02:34:29
340774,340774,17123,2019-11-05 06:26:11
476841,476841,50914,2020-05-06 21:43:52
422635,422635,30422,2020-08-22 01:34:23
127043,127043,51749,2019-05-29 06:00:06
462522,462522,52133,2020-02-24 05:42:17
554668,554668,69068,2020-06-07 22:58:00
356904,356904,97796,2019-09-21 09:43:19
324979,324979,47805,2020-08-16 20:52:30
100512,100512,82783,2019-08-17 11:15:46
345131,345131,38935,2021-03-10 08:09:20
104769,104769,30833,2019-12-06 07:15:58
233895,233895,53923,2019-10-30 04:42:26
267835,267835,93532,2021-03-17 00:03:45
503243,503243,54704,2019-05-21 17:06:57
479705,479705,69097,2020-02-29 16:42:24
503665,503665,110492,2019-06-16 03:54:00
360111,360111,3892,2020-01-17 10:40:00
375001,375001,115771,2020-12-28 16:30:02
474673,474673,30613,2020-08-28 11:42:49
518683,518683,117276,2019-07-20 19:35:59
245474,245474,24817,2020-01-15 19:26:37
537206,537206,46787,2020-09-03 01:33:07
416727,416727,95559,2019-11-13 20:33:25
581094,581094,6041,2020-03-12 07:30:50
182409,182409,91383,2020-06-18 18:34:25
597962,597962,40939,2020-09-17 22:09:12
493487,493487,64998,2020-11-16 17:31:20
265767,265767,27259,2020-05-27 23:10:45
521185,521185,12315,2020-07-23 03:59:40
189160,189160,105433,2021-01-28 14:13:18
279613,279613,82157,2021-05-08 14:40:37
579093,579093,21943,2020-12-16 08:41:55
244093,244093,115361,2020-08-07 14:04:09
110646,110646,78171,2019-11-26 20:21:01
379246,379246,11507,2020-08-23 22:54:25
245426,245426,57852,2019-08-20 21:56:50
573084,573084,74996,2021-02-07 06:29:05
213842,213842,81070,2020-11-29 14:02:47
282701,282701,30557,2021-04-23 21:34:09
113267,113267,78164,2020-03-04 16:24:18
385382,385382,29993,2019-08-10 16:18:09
289154,289154,9820,2020-06-01 17:39:11
306038,306038,114078,2019-06-19 21:22:41
154943,154943,110732,2019-08-04 09:48:18
211785,211785,96492,2019-08-15 13:01:12
470933,470933,107021,2019-06-15 21:32:23
174156,174156,45622,2019-08-18 06:51:04
341986,341986,27390,2019-09-28 19:39:48
230382,230382,25146,2021-04-03 07:44:56
457330,457330,54877,2020-01-13 16:18:30
552466,552466,57890,2020-01-31 00:27:51
113310,113310,70460,2020-07-08 15:43:11
115635,115635,3223,2020-06-14 14:02:37
410187,410187,110532,2019-07-28 11:47:17
552173,552173,9128,2020-04-20 05:46:31
390165,390165,18668,2019-11-08 15:36:53
200441,200441,41286,2021-01-14 10:48:32
585450,585450,26598,2020-11-03 12:10:34
209814,209814,42141,2019-09-10 22:56:38
526187,526187,68275,2019-10-30 12:53:04
103344,103344,2686,2021-02-20 11:37:39
501843,501843,21619,2020-08-23 01:56:15
389296,389296,80705,2021-04-10 20:27:39
576713,576713,12011,2019-10-28 10:45:37
434710,434710,35967,2019-10-19 15:52:50
506233,506233,21963,2020-06-01 12:36:17
553063,553063,34504,2020-06-21 23:40:53
484213,484213,19414,2020-01-26 21:04:16
514202,514202,46763,2021-04-01 08:40:26
467472,467472,3527,2020-03-27 01:38:02
415546,415546,80880,2019-06-12 08:55:09
254295,254295,59944,2020-06-23 01:13:25
135223,135223,73367,2020-07-27 00:19:01
387315,387315,9493,2019-10-02 16:25:30
391220,391220,43774,2019-08-13 08:14:42
170795,170795,41264,2020-08-28 04:49:14
252992,252992,98418,2019-09-10 18:58:18
151765,151765,29062,2020-12-06 15:53:13
593779,593779,68956,2021-02-11 01:11:06
507446,507446,90783,2019-08-12 06:33:20
508765,508765,85933,2020-09-30 01:56:24
203738,203738,96697,2020-08-08 06:47:03
595378,595378,52158,2020-01-20 13:28:28
264701,264701,62341,2019-08-20 17:01:04
357571,357571,40361,2019-12-27 16:27:50
101881,101881,7093,2020-06-14 16:08:21
452193,452193,29828,2020-06-09 19:13:54
154530,154530,60614,2019-09-19 07:36:12
139081,139081,105388,2020-03-25 08:32:11
454241,454241,63723,2021-02-16 06:47:02
117021,117021,105185,2020-05-20 01:40:10
545637,545637,103176,2020-04-19 11:14:40
513460,513460,102572,2019-11-09 16:59:24
235299,235299,93557,2019-10-12 18:02:15
243340,243340,77173,2020-03-16 13:56:34
440741,440741,4312,2020-09-23 02:50:46
548000,548000,44621,2020-01-24 19:26:20
434883,434883,38167,2020-12-25 17:15:40
547986,547986,5546,2019-12-06 11:52:54
398188,398188,71535,2020-07-12 14:20:05
588396,588396,35980,2021-05-07 04:22:04
284956,284956,37001,2020-11-03 08:51:17
533005,533005,81438,2019-06-24 17:19:22
517279,517279,28259,2019-10-24 09:58:34
338243,338243,6634,2019-12-15 19:48:12
160409,160409,29926,2021-03-09 14:21:02
191249,191249,6649,2020-10-05 10:56:28
138997,138997,40443,2020-10-05 16:32:59
160692,160692,84904,2020-01-17 05:15:43
430834,430834,41795,2020-09-22 02:25:30
579455,579455,119306,2020-10-14 17:55:35
491756,491756,84452,2020-06-27 07:40:55
212436,212436,75470,2019-08-08 10:34:23
266259,266259,460,2019-08-08 02:23:09
119319,119319,81845,2020-07-04 02:37:13
194001,194001,34270,2020-11-08 08:41:23
331144,331144,91423,2020-06-14 22:54:01
364567,364567,32618,2020-11-18 00:45:27
439830,439830,21118,2021-04-23 12:05:09
488215,488215,2621,2019-11-26 22:24:06
501411,501411,49647,2021-03-29 10:48:08
354092,354092,104029,2021-03-01 13:21:54
330320,330320,22546,2021-03-16 03:51:44
103973,103973,115952,2019-08-26 10:35:22
355157,355157,85551,2019-07-14 11:50:31
123454,123454,21887,2019-08-05 18:11:58
116845,116845,27257,2020-10-20 21:47:06
407735,407735,90736,2019-10-22 01:06:14
517967,517967,113732,2019-12-18 08:58:55
323729,323729,118470,2020-01-23 23:22:15
358683,358683,25169,2020-05-09 17:47:46
547313,547313,107618,2020-02-18 14:53:38
138187,138187,102857,2020-02-02 08:36:56
131380,131380,67836,2019-05-28 10:56:23
270662,270662,81102,2020-02-15 11:49:48
572589,572589,92311,2020-08-09 16:11:29
409718,409718,52422,2019-12-12 23:30:58
252158,252158,50684,2019-08-14 09:30:00
291196,291196,39681,2020-12-10 16:42:14
502036,502036,102573,2020-05-14 02:32:37
387958,387958,8368,2020-04-20 13:48:06
262907,262907,33176,2020-02-13 17:04:21
382139,382139,3637,2019-07-13 21:50:12
149412,149412,41313,2019-12-26 10:55:04
467381,467381,89795,2020-08-05 02:49:24
532602,532602,79746,2020-02-27 07:41:07
515500,515500,119786,2019-06-25 15:31:38
105334,105334,22292,2020-08-06 08:58:57
542184,542184,23292,2019-06-07 12:52:11
486087,486087,21297,2021-01-24 18:33:44
582618,582618,78476,2020-11-11 02:19:33
401135,401135,11427,2020-09-27 05:50:29
346169,346169,79553,2019-07-11 11:26:34
419875,419875,10211,2020-11-05 20:49:22
407228,407228,81076,2019-08-30 23:37:05
577014,577014,111033,2020-07-03 17:27:10
446072,446072,64895,2020-10-05 02:28:31
302838,302838,112444,2019-05-16 00:17:15
178330,178330,3146,2019-08-31 01:02:07
341682,341682,14766,2020-08-18 10:24:30
146769,146769,55636,2020-12-26 01:39:01
290086,290086,24307,2019-07-03 04:25:05
529927,529927,77834,2020-11-05 00:14:26
261339,261339,112576,2019-06-12 08:27:29
203857,203857,38592,2020-03-25 10:34:22
553960,553960,29477,2021-01-08 01:16:49
510312,510312,70345,2020-02-12 19:24:35
345211,345211,52200,2021-02-22 03:31:49
546010,546010,18249,2020-02-10 17:35:55
125754,125754,68675,2019-08-23 06:12:29
570077,570077,117308,2020-02-10 08:31:55
212180,212180,13793,2020-03-04 16:34:27
285512,285512,101147,2019-09-04 12:22:25
172425,172425,89308,2021-02-24 19:46:09
461997,461997,41660,2021-03-23 03:07:11
349423,349423,54905,2020-11-11 05:51:35
493804,493804,91977,2020-01-17 06:59:42
114532,114532,115467,2020-03-31 10:13:02
312137,312137,82495,2019-09-19 08:55:14
142866,142866,87692,2020-07-22 01:08:46
135738,135738,52947,2020-11-19 05:41:39
237284,237284,36097,2021-02-19 21:53:12
292641,292641,82220,2019-12-30 18:46:05
237531,237531,106359,2021-01-28 16:19:25
279632,279632,89088,2019-06-13 01:57:30
234524,234524,114640,2019-08-25 04:30:31
510601,510601,108154,2020-10-31 03:23:44
279523,279523,94087,2021-04-21 13:46:10
150919,150919,117333,2019-07-15 18:39:06
160258,160258,95986,2021-04-05 15:24:21
402102,402102,93513,2019-06-08 16:07:51
476707,476707,90312,2019-06-17 17:00:00
400910,400910,53051,2020-02-05 02:12:12
320754,320754,4524,2020-01-12 11:43:12
353922,353922,12442,2020-03-13 01:56:41
498669,498669,82375,2020-06-13 15:32:11
560320,560320,49998,2020-09-27 11:30:02
250136,250136,2392,2019-08-25 12:33:38
527401,527401,17293,2019-07-08 16:23:14
434837,434837,90293,2020-04-04 11:25:35
521509,521509,15539,2020-09-09 07:27:43
441776,441776,80380,2019-10-05 02:16:30
462824,462824,81000,2020-12-27 07:11:39
500110,500110,55974,2020-01-16 20:00:32
532668,532668,99798,2020-09-03 14:27:18
496815,496815,46209,2020-09-03 12:31:54
593071,593071,56150,2021-03-10 02:29:42
453207,453207,111251,2020-06-15 22:58:17
459302,459302,37815,2020-02-09 19:48:45
504571,504571,67535,2020-07-04 00:01:40
101591,101591,86783,2019-07-14 02:18:27
270364,270364,86484,2019-10-01 17:57:38
167920,167920,114157,2021-03-03 08:39:16
576433,576433,33320,2019-09-14 21:56:38
571871,571871,62702,2021-03-29 05:58:43
243684,243684,25077,2019-06-23 17:15:52
417956,417956,90617,2019-09-30 06:30:17
595279,595279,98003,2020-04-17 03:21:04
567406,567406,11976,2019-07-12 23:58:07
356316,356316,32303,2019-11-10 09:32:23
430844,430844,105321,2019-10-03 23:28:17
341388,341388,97564,2019-10-14 13:38:07
553527,553527,112638,2021-03-31 10:17:50
403742,403742,13631,2019-08-30 18:40:39
198885,198885,23201,2019-08-10 22:53:02
574047,574047,53678,2021-03-04 11:01:07
193278,193278,8329,2020-01-01 19:51:10
282240,282240,89154,2020-07-07 10:57:42
149355,149355,115823,2021-04-10 05:56:27
157924,157924,40787,2020-09-23 21:04:04
552227,552227,87334,2020-10-07 05:12:43
153715,153715,23247,2020-05-11 05:02:13
543588,543588,20564,2020-09-22 03:53:00